"Reservoir","Site","DateTime","Depth_m","Rep","TP_ugL","TN_ugL","Flag_DateTime","Flag_TP_ugL","Flag_TN_ugL","NO3NO2_ugL","NH4_ugL","SRP_ugL","Flag_NH4_ugL","Flag_SRP_ugL","Flag_NO3NO2_ugL","DIC_mgL","DC_mgL","DOC_mgL","DN_mgL","Flag_DC_mgL","Flag_DIC_mgL","Flag_DOC_mgL","Flag_DN_mgL"
"BVR",50,2022-08-22 12:00:00,3,1,NA,NA,0,0,0,NA,NA,NA,0,0,0,3.3,7.7,4.5,0.35,0,0,0,0
"BVR",50,2022-09-19 12:00:00,6,1,NA,NA,0,0,0,NA,NA,NA,0,0,0,6.3,9.3,3,2.065,0,0,0,0
"BVR",50,2022-10-11 12:00:00,7,1,NA,NA,0,0,0,6,1460,10,0,0,0,5.5,8.5,3,1.87,0,0,0,0
"BVR",50,2023-03-21 10:56:00,0.1,1,20.1,368,0,0,0,66,51,6,0,0,0,3.2,5.3,2,0.293,0,0,0,0
"BVR",50,2023-03-21 11:35:00,3,1,19.5,386,0,0,0,NA,NA,NA,0,0,0,NA,NA,NA,NA,0,0,0,0
"BVR",50,2023-03-21 11:46:00,6,1,16.5,354,0,0,0,67,55,4,0,0,0,2.8,5.5,2.8,0.32,0,0,0,0
"BVR",50,2023-03-21 11:58:00,9,1,19.2,336,0,0,0,67,61,4,0,3,0,2.8,5.5,2.8,0.334,0,0,0,0
"BVR",50,2023-04-12 11:30:00,0.1,1,18.7,220,0,0,0,2,8,6,0,0,3,2.6,5.8,3.2,0.2,0,0,0,0
"BVR",50,2023-04-12 11:48:00,3,1,17.6,218,0,0,0,5,8,4,0,0,0,2.5,5.8,3.3,0.216,0,0,0,0
"BVR",50,2023-04-12 12:06:00,6,1,23.7,321,0,0,0,21,8,5,0,0,0,2.4,5.4,3,0.238,0,0,0,0
"BVR",50,2023-04-12 12:23:00,9,1,22.5,461,0,0,0,56,172,3,0,3,0,2.7,5.7,3,0.42,0,0,0,0
"BVR",50,2023-04-24 10:16:00,0.1,1,16.8,281,0,0,0,2,6,3,0,3,3,2.7,5.9,3.2,0.199,0,0,0,0
"BVR",50,2023-04-24 10:30:00,3,1,19.5,217,0,0,0,3,8,4,0,0,3,2.4,5.7,3.3,0.227,0,0,0,0
"BVR",50,2023-04-24 10:46:00,6,1,20.1,263,0,0,0,2,7,5,0,0,3,2.4,5.5,3,0.21,0,0,0,0
"BVR",50,2023-04-24 10:55:00,9,1,20.8,401,0,0,0,40,82,4,0,0,0,2.6,5.3,2.6,0.306,0,0,0,0
"BVR",50,2023-05-01 10:22:00,0.1,1,24.3,272,0,0,0,1,4,3,3,3,3,2.5,5.4,2.9,0.217,0,0,0,0
"BVR",50,2023-05-01 10:44:00,3,1,22,257,0,0,0,5,8,2,0,3,0,2.5,5.7,3.2,0.227,0,0,0,0
"BVR",50,2023-05-01 11:09:00,6,1,26.7,307,0,0,0,4,16,4,0,0,3,2.5,5.3,2.9,0.225,0,0,0,0
"BVR",50,2023-05-01 11:24:00,9,1,23.6,284,0,0,0,17,37,4,0,3,0,2.8,5.5,2.7,0.255,0,0,0,0
"BVR",50,2023-05-08 10:44:00,0.1,1,16.4,248,0,0,0,3,5,3,0,3,3,NA,NA,NA,NA,0,0,0,0
"BVR",50,2023-05-08 11:05:00,3,1,15.9,213,0,0,0,2,8,3,0,3,3,2.5,5.6,3.1,0.211,0,0,0,0
"BVR",50,2023-05-08 11:15:00,6,1,21.5,266,0,0,0,3,10,3,0,3,3,2.7,5.5,2.8,0.192,0,0,0,0
"BVR",50,2023-05-08 11:25:00,9,1,25.6,470,0,0,0,3,205,3,0,3,3,3.4,5.6,2.2,0.334,0,0,0,0
"BVR",50,2023-05-22 10:20:00,0.1,1,17.4,182,0,0,0,0,4,3,3,3,3,2.6,5.8,3.1,0.22,0,0,0,0
"BVR",50,2023-05-22 10:30:00,3,1,13,240,0,0,0,3,13,4,0,3,3,2.7,5.9,3.2,0.24,0,0,0,0
"BVR",50,2023-05-22 10:42:00,6,1,18.7,272,0,0,0,0,10,5,0,0,43,3.2,5.8,2.6,0.23,0,0,0,0
"BVR",50,2023-05-22 10:55:00,9,1,25.9,715,0,0,0,2,439,6,0,0,3,3.7,6.4,2.7,0.52,0,0,0,0
"BVR",50,2023-05-29 10:14:00,0.1,1,16.5,250,0,0,0,3,10,6,0,0,3,3.6,7.4,3.8,0.3,0,0,0,0
"BVR",50,2023-05-29 10:21:00,3,1,14,211,0,0,0,3,12,4,0,0,3,2.8,6.2,3.4,0.255,0,0,0,0
"BVR",50,2023-05-29 10:28:00,6,1,15.2,209,0,0,0,3,11,3,0,3,3,2.8,5.9,3.1,0.227,0,0,0,0
"BVR",50,2023-05-29 10:35:00,9,1,29.8,836,0,0,0,0,581,8,0,0,3,4.4,7.2,2.8,0.784,0,0,0,0
"BVR",50,2023-06-05 12:00:00,0.1,1,12.4,233,1,0,0,5,9,3,0,3,0,3,5.8,2.9,0.21,0,0,0,0
"BVR",50,2023-06-05 12:00:00,3,1,15.3,231,1,0,0,4,15,4,0,3,0,2.9,5.8,2.9,0.25,0,0,0,0
"BVR",50,2023-06-05 12:00:00,6,1,17.8,231,1,0,0,4,13,1,0,3,3,3,6.1,3.1,0.24,0,0,0,0
"BVR",50,2023-06-05 12:00:00,9,1,31.3,868,1,0,0,3,671,16,0,0,3,4.4,7.4,3,0.73,0,0,0,0
"BVR",50,2023-06-14 10:48:00,0.1,1,14.8,220,0,0,0,3,7,0,0,3,3,3.2,6.4,3.2,0.22,0,0,0,0
"BVR",50,2023-06-14 10:54:00,3,1,13.9,217,0,0,0,3,9,3,0,3,3,3.1,6.1,3,0.23,0,0,0,0
"BVR",50,2023-06-14 11:04:00,6,1,20.4,232,0,0,0,4,876,28,0,0,3,4.2,7.1,2.9,0.954,0,0,0,0
"BVR",50,2023-06-14 11:14:00,9,1,26.8,630,0,0,0,3,7,3,0,3,3,3.3,6,2.7,0.2,0,0,0,0
"BVR",50,2023-06-19 10:08:00,0.1,1,13.9,297,0,0,0,4,7,2,0,3,3,2.7,5.6,2.9,0.2,0,0,0,0
"BVR",50,2023-06-19 10:13:00,3,1,15.4,214,0,0,0,1,10,2,0,3,3,2.6,5.5,2.8,0.201,0,0,0,0
"BVR",50,2023-06-19 10:18:00,6,1,18.4,235,0,0,0,4,11,3,0,3,3,3.1,6.1,2.9,0.212,0,0,0,0
"BVR",50,2023-06-19 10:25:00,9,1,36.6,1060,0,0,0,5,710,12,0,0,0,4.4,7.5,3.1,0.81,0,0,0,0
"BVR",50,2023-06-26 09:45:00,0.1,1,15.7,229,0,0,0,1,4,4,3,3,3,2.9,6,3.1,0.217,0,0,0,0
"BVR",50,2023-06-26 09:54:00,3,1,14.3,204,0,0,0,2,9,3,0,3,3,3.1,6.2,3.1,0.221,0,0,0,0
"BVR",50,2023-06-26 10:08:00,6,1,14.5,157,0,0,0,1,6,4,0,3,3,3.2,5.8,2.6,0.203,0,0,0,0
"BVR",50,2023-06-26 10:17:00,9,1,34.1,981,0,0,0,3,658,19,0,0,3,4.5,7.1,2.6,0.734,0,0,0,0
"BVR",50,2023-07-03 10:08:00,0.1,1,12.9,219,0,0,0,0,8,4,0,3,43,2.7,5.8,3.1,0.21,0,0,0,0
"BVR",50,2023-07-03 10:21:00,3,1,13.5,179,0,0,0,0,8,4,0,0,43,3.2,6.2,3,0.22,0,0,0,0
"BVR",50,2023-07-03 10:29:00,6,1,30.3,429,0,0,0,4,6,3,0,3,3,3.6,6.1,2.5,0.24,0,0,0,0
"BVR",50,2023-07-03 10:39:00,9,1,32.8,1050,0,0,0,3,701,27,0,0,3,4.9,7.5,2.6,0.79,0,0,0,0
"BVR",50,2023-07-10 10:25:00,0.1,1,11.3,193,0,0,0,2,6,2,0,3,3,2.9,5.8,2.9,0.2,0,0,0,0
"BVR",50,2023-07-10 10:31:00,3,1,12.9,234,0,0,0,1,11,3,0,3,3,2.7,6,3.3,0.24,0,0,0,0
"BVR",50,2023-07-10 10:50:00,6,1,21.4,318,0,0,0,8,10,3,0,3,0,3.2,6.2,2.9,0.22,0,0,0,0
"BVR",50,2023-07-10 10:57:00,9,1,32,1280,0,0,0,6,1100,28,0,0,0,4.9,8.2,3.3,1.18,0,0,0,0
"BVR",50,2023-07-17 13:20:00,0.1,1,15.1,297,0,0,0,2,12,3,0,3,3,2.9,6.2,3.3,0.21,0,0,0,0
"BVR",50,2023-07-17 13:25:00,3,1,12.4,212,0,0,0,4,10,2,0,3,3,3.2,7,3.8,0.25,0,0,0,0
"BVR",50,2023-07-17 13:35:00,6,1,20.2,247,0,0,0,3,14,4,0,0,3,3.3,6.3,2.9,0.24,0,0,0,0
"BVR",50,2023-07-17 13:40:00,9,1,26.9,846,0,0,0,2,603,14,0,0,3,4.4,7.3,2.9,0.729,0,0,0,0
"BVR",50,2023-07-24 13:55:00,0.1,1,15.6,280,0,0,0,0,10,6,0,0,43,3,6.3,3.3,0.234,0,0,0,0
"BVR",50,2023-07-24 14:13:00,3,1,12.5,178,0,0,0,0,13,6,0,0,43,3.3,6.5,3.2,0.248,0,0,0,0
"BVR",50,2023-07-24 14:26:00,6,1,21.7,279,0,0,0,1,17,4,0,0,3,3.7,6.4,2.8,0.253,0,0,0,0
"BVR",50,2023-07-24 14:35:00,9,1,34.4,1530,0,0,0,4,1260,31,0,0,3,5.7,8.9,3.3,1.49,0,0,0,0
"BVR",50,2023-07-31 10:22:00,0.1,1,12.4,279,0,0,0,0,6,6,0,0,43,3.5,7,3.6,0.273,0,0,0,0
"BVR",50,2023-07-31 10:30:00,3,1,16.2,232,0,0,0,3,13,6,0,0,3,3.1,6.9,3.7,0.267,0,0,0,0
"BVR",50,2023-07-31 10:37:00,6,1,53.1,669,0,0,0,3,16,8,0,0,3,3.9,6.7,2.8,0.306,0,0,0,0
"BVR",50,2023-07-31 10:47:00,9,1,30.3,1140,0,0,0,4,787,20,0,0,3,5.5,8.9,3.4,1.054,0,0,0,0
"BVR",50,2023-08-07 11:50:00,0.1,1,16.1,319,0,0,0,2,8,3,0,3,3,3.1,7.1,3.9,0.27,0,0,0,0
"BVR",50,2023-08-07 11:51:00,3,1,23.6,391,0,0,0,0,13,6,0,0,43,3,6.8,3.8,0.27,0,0,0,0
"BVR",50,2023-08-07 12:05:00,6,1,21.2,298,0,0,0,4,16,2,0,3,3,4.1,6.5,2.4,0.23,0,0,0,0
"BVR",50,2023-08-07 12:12:00,9,1,27.5,871,0,0,0,5,462,6,0,0,0,4.7,7.2,2.5,0.58,0,0,0,0
"BVR",50,2023-08-14 10:23:00,0.1,1,25.2,354,0,0,0,1,7,8,0,0,3,3.3,7.6,4.4,0.3,0,0,0,0
"BVR",50,2023-08-14 10:35:00,3,1,18.4,372,0,0,0,3,12,7,0,0,3,3.4,7.8,4.4,0.381,0,0,0,0
"BVR",50,2023-08-14 11:11:00,6,1,28.5,408,0,0,0,4,12,2,0,3,3,4.4,6.9,2.5,0.24,0,0,0,0
"BVR",50,2023-08-14 11:35:00,9,1,23.4,1050,0,0,0,2,823,17,0,0,3,6.2,8.7,2.5,1.011,0,0,0,0
"BVR",50,2023-08-22 10:25:00,0.1,1,21.7,426,0,0,0,2,11,8,0,0,3,3.4,7.8,4.5,0.337,0,0,0,0
"BVR",50,2023-08-22 10:44:00,3,1,23.5,428,0,0,0,2,10,7,0,0,3,NA,NA,NA,NA,0,0,0,0
"BVR",50,2023-08-22 11:05:00,6,1,27.5,378,0,0,0,2,13,3,0,3,3,4.7,6.9,2.2,0.17,0,0,0,0
"BVR",50,2023-08-22 11:15:00,9,1,23.3,1530,0,0,0,3,1270,8,0,0,3,6,8.7,2.6,1.52,0,0,0,0
"BVR",50,2023-08-29 10:40:00,0.1,1,21.8,415,0,0,0,3,13,5,0,0,3,3.2,7.6,4.3,0.36,0,0,0,0
"BVR",50,2023-08-29 10:47:00,3,1,22.6,383,0,0,0,2,19,3,0,3,3,3.6,8,4.5,0.39,0,0,0,0
"BVR",50,2023-08-29 10:54:00,6,1,21.7,295,0,0,0,3,16,1,0,3,3,4.4,6.4,2,0.17,0,0,0,0
"BVR",50,2023-08-29 11:00:00,9,1,27.2,1450,0,0,0,2,1290,10,0,0,3,5.9,9.2,3.3,1.5,0,0,0,0
"BVR",50,2023-09-05 10:20:00,0.1,1,25.1,447,0,0,0,6,14,2,0,3,0,3.2,6.9,3.7,0.28,0,0,0,0
"BVR",50,2023-09-05 10:35:00,3,1,24.2,380,0,0,0,7,8,4,0,3,0,3.3,6.9,3.6,0.27,0,0,0,0
"BVR",50,2023-09-05 10:48:00,6,1,29.5,433,0,0,0,5,11,3,0,3,0,5.1,7.5,2.4,0.19,0,0,0,0
"BVR",50,2023-09-05 11:10:00,9,1,22.6,1330,0,0,0,5,1160,13,0,0,0,5.9,9.3,3.4,1.36,0,0,0,0
"BVR",50,2023-09-12 10:40:00,0.1,1,21.3,479,0,0,0,1,5,6,0,0,3,3.5,7.3,3.8,0.27,0,0,0,0
"BVR",50,2023-09-12 10:40:00,3,1,16.4,348,0,0,0,0,10,5,0,0,3,NA,NA,NA,NA,0,0,0,0
"BVR",50,2023-09-12 10:49:00,6,1,21.3,404,0,0,0,2,16,2,0,3,3,4.8,6.9,2.1,0.2,0,0,0,0
"BVR",50,2023-09-12 10:59:00,9,1,16.9,1120,0,0,0,0,840,8,0,0,43,5.8,8.4,2.6,1.08,0,0,0,0
"BVR",50,2023-09-18 10:35:00,0.1,1,24.4,332,0,0,0,3,9,4,0,0,3,3.4,7.2,3.9,0.28,0,0,0,0
"BVR",50,2023-09-18 10:46:00,3,1,27.4,353,0,0,0,13,7,3,0,3,0,3.4,7.1,3.7,0.27,0,0,0,0
"BVR",50,2023-09-18 10:54:00,6,1,29.9,336,0,0,0,3,8,3,0,3,3,4.6,6.9,2.4,0.2,0,0,0,0
"BVR",50,2023-09-18 11:04:00,9,1,22.8,1614,0,0,0,4,1570,15,0,0,3,6.2,10.1,3.9,1.84,0,0,0,0
"BVR",50,2023-09-25 12:00:00,0.1,1,23.6,335,1,0,0,3,7,6,0,0,3,3.7,7.2,3.5,0.27,0,0,0,0
"BVR",50,2023-09-25 12:00:00,3,1,22.4,409,1,0,0,5,21,5,0,0,0,3.8,7.4,3.6,0.382,0,0,0,0
"BVR",50,2023-09-25 12:00:00,6,1,26.7,387,1,0,0,2,14,2,0,3,3,4.2,7,2.8,0.229,0,0,0,0
"BVR",50,2023-09-25 12:00:00,9,1,18.5,2346,1,0,0,4,1790,12,0,0,3,5.9,9.3,3.4,2.09,0,0,0,0
"BVR",50,2023-10-03 10:38:00,0.1,1,55.8,1070,0,0,0,2,8,6,0,0,3,3.8,7.3,3.5,0.27,0,0,0,0
"BVR",50,2023-10-03 10:43:00,3,1,20.4,398,0,0,0,3,9,5,0,0,3,3.6,7,3.4,0.24,0,0,0,0
"BVR",50,2023-10-03 10:52:00,6,1,31.9,405,0,0,0,3,14,2,0,3,3,4.7,7.5,2.8,0.22,0,0,0,0
"BVR",50,2023-10-03 11:02:00,9,1,16.2,2166,0,0,0,3,1780,8,0,0,3,6.8,9.6,2.8,2,0,0,0,0
"BVR",50,2023-10-09 10:16:00,0.1,1,18.1,345,0,0,0,7,18,6,0,0,0,3.3,6.3,3,0.254,0,0,0,0
"BVR",50,2023-10-09 10:28:00,3,1,20.5,352,0,0,0,4,11,5,0,0,3,3.3,6.7,3.3,0.286,0,0,0,0
"BVR",50,2023-10-09 10:41:00,6,1,20.1,369,0,0,0,2,6,4,0,0,3,3.9,7,3.1,0.273,0,0,0,0
"BVR",50,2023-10-09 10:59:00,9,1,20.6,2379,0,0,0,4,1810,13,0,0,3,6.5,9.6,3.1,2.18,0,0,0,0
"BVR",50,2023-10-17 10:50:00,0.1,1,19.7,365,0,0,0,5,17,6,0,0,0,4,7.7,3.7,0.28,0,0,0,0
"BVR",50,2023-10-17 11:00:00,3,1,20,355,0,0,0,4,19,4,0,3,3,4.1,7.6,3.5,0.31,0,0,0,0
"BVR",50,2023-10-17 11:15:00,6,1,28.2,451,0,0,0,6,15,4,0,3,0,4,7.8,3.8,0.28,0,0,0,0
"BVR",50,2023-10-17 11:30:00,9,1,25.3,2433,0,0,0,7,1330,8,0,0,0,6.2,9.1,2.8,1.603,0,0,0,0
"BVR",50,2023-10-24 10:55:00,0.1,1,15.4,283,0,0,0,3,37,3,0,3,3,3.9,7.4,3.6,0.301,0,0,0,0
"BVR",50,2023-10-24 11:06:00,3,1,19.6,413,0,0,0,4,34,5,0,0,3,4.8,8,3.2,0.266,0,0,0,0
"BVR",50,2023-10-24 11:18:00,6,1,18.6,403,0,0,0,2,40,4,0,0,3,4,7.6,3.6,0.3,0,0,0,0
"BVR",50,2023-10-24 11:32:00,9,1,21.2,603,0,0,0,4,173,4,0,3,3,4.3,7.2,3,0.37,0,0,0,0
"BVR",50,2023-10-31 10:30:00,0.1,1,23.3,427,0,0,0,NA,NA,NA,0,0,0,NA,NA,NA,NA,0,0,0,0
"BVR",50,2023-10-31 10:47:00,3,1,18.9,370,0,0,0,6,17,195,0,0,0,3.8,16,12.2,0.324,0,0,0,0
"BVR",50,2023-10-31 11:07:00,6,1,16.2,373,0,0,0,3,99,5,0,0,3,4.1,7.5,3.4,0.365,0,0,0,0
"BVR",50,2023-10-31 11:18:00,9,1,32.9,743,0,0,0,3,226,3,0,3,3,4.1,7.3,3.2,0.42,0,0,0,0
"BVR",50,2023-11-06 10:16:00,0.1,1,20.4,376,0,0,0,3,12,6,0,0,3,4,7.8,3.8,0.332,0,0,0,0
"BVR",50,2023-11-06 10:32:00,3,1,23.6,445,0,0,0,4,21,6,0,0,3,3.9,7.5,3.6,0.3,0,0,0,0
"BVR",50,2023-11-06 10:43:00,6,1,24.2,449,0,0,0,2,23,5,0,0,3,4.5,8,3.5,0.282,0,0,0,0
"BVR",50,2023-11-06 10:50:00,9,1,22.1,396,0,0,0,3,20,5,0,0,3,3.9,7.5,3.5,0.28,0,0,0,0
"BVR",50,2023-11-14 10:26:00,0.1,1,27.6,579,0,0,0,12,68,10,0,0,0,3.6,8.5,4.9,0.562,0,0,0,0
"BVR",50,2023-11-14 10:40:00,3,1,27,438,0,0,0,12,79,9,0,0,0,4.1,8.5,4.3,0.629,0,0,0,0
"BVR",50,2023-11-14 11:00:00,6,1,30.6,660,0,0,0,7,39,7,0,0,0,4.5,8.8,4.4,0.412,0,0,0,0
"BVR",50,2023-11-14 11:15:00,9,1,27.7,442,0,0,0,4,24,9,0,0,3,4.1,8.1,3.9,0.3,0,0,0,0
"BVR",50,2023-12-04 10:16:00,0.1,1,34.5,537,0,0,0,2,11,7,0,0,3,3.9,7.8,3.9,0.33,0,0,0,0
"BVR",50,2023-12-04 10:37:00,3,1,42.4,465,0,0,0,6,22,8,0,0,0,3.7,7.9,4.2,0.384,0,0,0,0
"BVR",50,2023-12-04 10:57:00,6,1,31.9,457,0,0,0,3,10,4,0,3,3,3.8,7.8,4.1,0.313,0,0,0,0
"BVR",50,2023-12-04 11:05:00,9,1,28.2,441,0,0,0,4,11,8,0,0,3,3.8,8.1,4.3,0.368,0,0,0,0
"CCR",50,2022-06-30 12:00:00,21,1,NA,NA,0,0,0,26,257,25,0,0,0,11.2,14.4,3.3,0.593,0,0,0,0
"CCR",50,2022-08-19 12:00:00,20,1,NA,NA,0,0,0,6,639,3,0,3,0,12.5,15.1,2.6,0.841,0,0,0,0
"CCR",50,2022-11-17 12:00:00,21,1,NA,NA,0,0,0,141,41,3,0,3,0,13.8,16.5,2.7,0.326,0,0,0,0
"CCR",201,2023-05-04 09:55:00,0.1,1,9.5,99.5,0,0,0,25,7,3,0,3,0,4.3,6,1.7,0.141,0,0,0,0
"CCR",500,2023-05-04 10:31:00,0.1,1,10.1,144,0,0,0,10,6,1,0,3,0,NA,NA,NA,NA,0,0,0,0
"CCR",301,2023-05-04 11:00:00,0.1,1,8.2,76.3,0,0,3,15,4,0,3,3,0,2.1,2.5,0.4,0.089,0,0,3,0
"CCR",400,2023-05-04 12:05:00,0.1,1,26.9,107,0,0,0,53,31,4,0,0,0,NA,NA,NA,NA,0,0,0,0
"CCR",50,2023-05-04 14:10:00,0.1,1,12.7,162,0,0,0,4,15,2,0,3,3,7.4,10.7,3.3,0.23,0,0,0,0
"CCR",50,2023-05-04 14:20:00,1.5,1,14.6,185,0,0,0,3,13,1,0,3,3,7.5,10.8,3.3,0.2,0,0,0,0
"CCR",50,2023-05-04 14:30:00,6,1,14.1,194,0,0,0,3,7,3,0,3,3,7.4,10.4,2.9,0.2,0,0,0,0
"CCR",50,2023-05-04 14:40:00,9,1,15,175,0,0,0,3,8,2,0,3,3,7.1,10,2.9,0.192,0,0,0,0
"CCR",50,2023-05-04 14:50:00,20,1,13,173,0,0,0,13,28,5,0,0,0,6.8,9.6,2.8,0.218,0,0,0,0
"CCR",50,2023-06-01 09:45:00,0.1,1,11.3,203,0,0,0,2,5,1,0,3,3,7.5,10.4,2.9,0.18,0,0,0,0
"CCR",50,2023-06-01 10:00:00,1.5,1,11.4,160,0,0,0,2,8,0,0,43,3,7.4,10.4,3,0.19,0,0,0,0
"CCR",50,2023-06-01 10:10:00,6,1,12,143,0,0,0,2,8,2,0,3,3,7.6,10.5,2.9,0.2,0,0,0,0
"CCR",50,2023-06-01 10:20:00,9,1,12.2,159,0,0,0,7,8,2,0,3,0,8.4,10.8,2.4,0.18,0,0,0,0
"CCR",50,2023-06-01 10:30:00,20,1,11.5,164,0,0,0,14,26,4,0,3,0,8.4,11.1,2.7,0.22,0,0,0,0
"CCR",101,2023-06-01 12:00:00,0.1,1,8.7,112,1,0,0,50,7,4,0,3,0,2.3,5.4,3,0.204,0,0,0,0
"CCR",300,2023-06-01 12:00:00,0.1,1,5.9,73.8,1,3,3,13,9,2,0,3,0,1.9,3.8,1.9,0.135,0,0,0,0
"CCR",50,2023-06-30 12:00:00,0.1,1,9.1,202,1,0,0,2,6,0,0,43,3,7.6,11,3.5,0.2,0,0,0,0
"CCR",50,2023-06-30 12:00:00,1.5,1,7.7,169,1,0,0,3,7,1,0,3,3,7.5,10.5,3,0.19,0,0,0,0
"CCR",50,2023-06-30 12:00:00,6,1,12.7,181,1,0,0,2,6,2,0,3,3,7.5,10.6,3.2,0.19,0,0,0,0
"CCR",50,2023-06-30 12:00:00,9,1,14.5,200,1,0,0,10,10,1,0,3,0,8.2,10.9,2.7,0.18,0,0,0,0
"CCR",50,2023-06-30 12:00:00,20,1,22.6,227,1,0,0,22,60,0,0,3,0,9.2,11.9,2.7,0.304,0,0,0,0
"CCR",101,2023-06-30 12:00:00,0.1,1,10.6,171,1,0,0,137,7,6,0,0,0,2.6,4.6,2.1,0.254,0,0,0,0
"CCR",300,2023-06-30 12:00:00,0.1,1,NA,NA,0,0,0,55,8,67,0,0,0,2.5,4.2,1.7,0.167,0,0,0,0
"CCR",50,2023-08-09 01:00:00,9,1,13.5,257,0,0,0,32,13,1,0,3,0,8.6,11.5,2.9,0.201,0,0,0,0
"CCR",50,2023-08-09 01:04:00,20,1,23.8,275,0,0,0,39,72,3,0,3,0,9.7,12.1,2.4,0.28,0,0,0,0
"CCR",50,2023-08-09 12:10:00,0.1,1,8,140,0,0,0,2,7,2,0,3,3,7.6,10.6,3,0.17,0,0,0,0
"CCR",50,2023-08-09 12:15:00,1.5,1,9.1,192,0,0,0,2,10,1,0,3,3,8.6,10.5,1.9,0.207,0,0,0,0
"CCR",50,2023-08-09 12:23:00,6,1,9.8,158,0,0,0,3,9,3,0,3,3,8,11.2,3.2,0.241,0,0,0,0
"FCR",50,2022-05-02 12:00:00,1.6,1,NA,NA,0,0,0,1,10,7,0,0,3,4.4,16.1,11.7,0.349,0,0,0,0
"FCR",50,2022-05-23 12:00:00,5,1,NA,NA,0,0,0,4,92,14,0,0,3,NA,NA,NA,NA,0,0,0,0
"FCR",50,2022-05-23 12:00:00,8,1,NA,NA,0,0,0,NA,NA,NA,0,0,0,4.5,9.4,4.9,0.453,0,0,0,0
"FCR",100,2022-07-05 12:00:00,0.1,1,NA,NA,0,0,0,528,20,17,0,0,0,4.7,6.6,2,0.67,0,0,0,0
"FCR",100,2023-02-03 10:20:00,0.1,1,47.8,321,0,0,0,NA,NA,NA,0,0,0,NA,NA,NA,NA,0,0,0,0
"FCR",50,2023-02-03 12:03:00,9,1,25.5,261,0,0,0,NA,NA,NA,0,0,0,NA,NA,NA,NA,0,0,0,0
"FCR",50,2023-02-03 12:30:00,0.1,1,24,208,0,0,0,NA,NA,NA,0,0,0,NA,NA,NA,NA,0,0,0,0
"FCR",50,2023-02-03 12:37:00,1.6,1,29.1,258,0,0,0,NA,NA,NA,0,0,0,NA,NA,NA,NA,0,0,0,0
"FCR",50,2023-02-03 12:43:00,3.8,1,27.6,296,0,0,0,NA,NA,NA,0,0,0,NA,NA,NA,NA,0,0,0,0
"FCR",50,2023-02-03 12:48:00,5,1,26.3,267,0,0,0,NA,NA,NA,0,0,0,NA,NA,NA,NA,0,0,0,0
"FCR",50,2023-02-03 12:53:00,6.2,1,27,238,0,0,0,NA,NA,NA,0,0,0,NA,NA,NA,NA,0,0,0,0
"FCR",50,2023-02-03 12:58:00,8,1,27.8,299,0,0,0,NA,NA,NA,0,0,0,NA,NA,NA,NA,0,0,0,0
"FCR",50,2023-04-04 10:53:00,0.1,1,24.5,238,0,0,0,3,12,4,0,0,3,3.6,6.4,2.8,0.17,0,0,0,0
"FCR",50,2023-04-04 11:03:00,1.6,1,25.1,194,0,0,0,4,11,5,0,0,3,3.5,6,2.5,0.183,0,0,0,0
"FCR",50,2023-04-04 11:13:00,3.8,1,25.8,210,0,0,0,2,9,4,0,0,3,3.8,6.1,2.4,0.185,0,0,0,0
"FCR",50,2023-04-04 11:27:00,5,1,27.3,229,0,0,0,2,7,9,0,0,3,3.5,6.1,2.6,0.176,0,0,0,0
"FCR",50,2023-04-04 11:39:00,6.2,1,28.6,240,0,0,0,4,6,5,0,0,3,3.6,6.2,2.6,0.204,0,0,0,0
"FCR",50,2023-04-04 11:43:00,8,1,28.9,249,0,0,0,0,6,5,0,0,43,3.6,6.1,2.5,0.17,0,0,0,0
"FCR",50,2023-04-04 11:50:00,9,1,25.9,263,0,0,0,1,4,4,3,0,3,3.4,5.9,2.5,0.154,0,0,0,0
"FCR",200,2023-04-04 12:39:00,0.1,1,70,214,0,0,0,15,17,9,0,0,0,3.8,6,2.2,0.14,0,0,0,0
"FCR",100,2023-04-04 13:20:00,0.1,1,29.5,124,0,0,0,4,6,12,0,0,3,3.7,5.3,1.6,0.085,0,0,0,0
"FCR",50,2023-04-18 10:04:00,0.1,1,25.9,262,0,0,0,2,6,4,0,0,3,3.8,6.2,2.4,0.165,0,0,0,0
"FCR",50,2023-04-18 10:27:00,1.6,1,25.1,247,0,0,0,1,8,4,0,0,3,3.5,6.3,2.7,0.203,0,0,0,0
"FCR",50,2023-04-18 10:43:00,3.8,1,24.6,225,0,0,0,2,8,6,0,0,3,3.6,6.3,2.7,0.2,0,0,0,0
"FCR",50,2023-04-18 11:06:00,5,1,34.2,234,0,0,0,2,6,4,0,0,3,3.6,6.2,2.6,0.181,0,0,0,0
"FCR",50,2023-04-18 11:18:00,6.2,1,25.6,243,0,0,0,2,10,4,0,0,3,3.7,6.2,2.5,0.167,0,0,0,0
"FCR",50,2023-04-18 11:38:00,8,1,29.5,272,0,0,0,3,10,5,0,0,3,3.8,6.3,2.5,0.18,0,0,0,0
"FCR",50,2023-04-18 11:46:00,9,1,26.5,235,0,0,0,2,10,6,0,0,3,3.6,5.9,2.3,0.197,0,0,0,0
"FCR",100,2023-04-18 13:50:00,0.1,1,40.6,268,0,0,0,5,4,14,3,0,0,3.5,5.3,1.8,0.114,0,0,0,0
"FCR",50,2023-05-01 10:00:00,0.1,1,33.1,296,0,0,0,6,12,11,0,0,0,3.8,9,5.1,0.259,0,0,0,0
"FCR",50,2023-05-01 10:08:00,1.6,1,31,250,0,0,0,2,6,4,0,0,3,3.7,6.5,2.8,0.187,0,0,0,0
"FCR",50,2023-05-01 10:15:00,3.8,1,31,247,0,0,0,5,8,5,0,0,0,3.5,6.6,3.1,0.225,0,0,0,0
"FCR",50,2023-05-01 10:21:00,5,1,33.2,280,0,0,0,4,18,4,0,0,3,3.6,6.1,2.5,0.207,0,0,0,0
"FCR",50,2023-05-01 10:27:00,6.2,1,27.4,299,0,0,0,7,56,3,0,3,0,3.8,6.3,2.5,0.208,0,0,0,0
"FCR",50,2023-05-01 10:38:00,8,1,27.8,288,0,0,0,7,64,3,0,3,0,3.7,6.1,2.5,0.225,0,0,0,0
"FCR",50,2023-05-01 10:42:00,9,1,27.6,288,0,0,0,8,70,4,0,0,0,3.9,6,2.1,0.222,0,0,0,0
"FCR",100,2023-05-01 12:10:00,0.1,1,36.2,156,0,0,0,13,8,11,0,0,0,3,4.8,1.8,0.135,0,0,0,0
"FCR",100,2023-05-08 10:10:00,0.1,1,34,130,0,0,0,13,6,12,0,0,0,3.8,5.4,1.6,0.13,0,0,0,0
"FCR",50,2023-05-08 13:05:00,0.1,1,26.4,280,0,0,0,3,15,6,0,0,3,3.6,6.6,3,0.209,0,0,0,0
"FCR",50,2023-05-08 13:16:00,1.6,1,25.4,260,0,0,0,4,14,5,0,0,3,3.6,6.4,2.9,0.214,0,0,0,0
"FCR",50,2023-05-08 13:22:00,3.8,1,21.6,183,0,0,0,3,11,5,0,0,3,3.5,6.4,2.9,0.187,0,0,0,0
"FCR",50,2023-05-08 13:31:00,5,1,27.1,271,0,0,0,6,51,5,0,0,0,3.2,5.8,2.6,0.2,0,0,0,0
"FCR",50,2023-05-08 13:37:00,6.2,1,25.3,300,0,0,0,10,90,4,0,0,0,3.7,6,2.4,0.26,0,0,0,0
"FCR",50,2023-05-08 13:45:00,8,1,24.4,311,0,0,0,13,121,5,0,0,0,3.8,6,2.2,0.316,0,0,0,0
"FCR",50,2023-05-08 13:50:00,9,1,23.5,297,0,0,0,13,118,3,0,3,0,3.6,5.7,2.1,0.246,0,0,0,0
"FCR",50,2023-05-16 10:20:00,0.1,1,26.6,360,0,0,0,3,10,4,0,0,3,3.7,6.7,3,0.19,0,0,0,0
"FCR",50,2023-05-16 10:38:00,1.6,1,29.4,355,0,0,0,3,12,4,0,0,3,4,7.2,3.2,0.24,0,0,0,0
"FCR",50,2023-05-16 11:07:00,3.8,1,28.7,281,0,0,0,2,8,7,0,0,3,4.2,7.1,3,0.25,0,0,0,0
"FCR",50,2023-05-16 11:27:00,5,1,23.4,260,0,0,0,7,36,4,0,3,0,3.6,6.3,2.7,0.21,0,0,0,0
"FCR",50,2023-05-16 11:50:00,6.2,1,20.7,305,0,0,0,18,81,4,0,0,0,4.3,7.1,2.8,0.3,0,0,0,0
"FCR",50,2023-05-16 12:01:00,8,1,21.8,311,0,0,0,17,108,2,0,3,0,4,6.3,2.3,0.264,0,0,0,0
"FCR",50,2023-05-16 12:08:00,9,1,23.9,316,0,0,0,23,107,2,0,3,0,4.3,7.2,2.9,0.34,0,0,0,0
"FCR",100,2023-05-16 12:58:00,0.1,1,50.3,259,0,0,0,8,6,16,0,0,0,4.4,6,1.6,0.11,0,0,0,0
"FCR",50,2023-05-22 09:52:00,0.1,1,27.4,344,0,0,0,4,15,5,0,0,0,3.8,7.9,4.1,0.3,0,0,0,0
"FCR",50,2023-05-22 10:05:00,1.6,1,28.8,386,0,0,0,2,15,7,0,0,3,3.7,7.8,4,0.33,0,0,0,0
"FCR",50,2023-05-22 10:20:00,3.8,1,22.3,211,0,0,0,6,13,4,0,3,0,3.8,6.9,3.1,0.27,0,0,0,0
"FCR",50,2023-05-22 10:30:00,5,1,19.2,267,0,0,0,16,53,3,0,3,0,4.3,7.3,3,0.32,0,0,0,0
"FCR",50,2023-05-22 10:36:00,6.2,1,21.6,286,0,0,0,25,92,2,0,3,0,3.9,6.3,2.3,0.3,0,0,0,0
"FCR",50,2023-05-22 10:45:00,8,1,23.7,300,0,0,0,23,100,2,0,3,0,4,6.8,2.8,0.35,0,0,0,0
"FCR",50,2023-05-22 10:57:00,9,1,23.6,319,0,0,0,12,55,3,0,3,0,4,6.5,2.5,0.23,0,0,0,0
"FCR",100,2023-05-22 12:06:00,0.1,1,42.4,193,0,0,0,30,10,14,0,0,0,4.2,5.6,1.4,0.15,0,0,0,0
"FCR",100,2023-05-29 09:51:00,0.1,1,71.6,416,0,0,0,0,7,16,0,0,3,3.8,8.4,4.6,0.178,0,0,0,0
"FCR",50,2023-05-29 11:02:00,0.1,1,29.3,487,0,0,0,5,42,16,0,0,0,4,8.5,4.5,0.407,0,0,0,0
"FCR",50,2023-05-29 11:10:00,1.6,1,31.9,553,0,0,0,4,20,13,0,0,3,4.5,8.2,3.7,0.323,0,0,0,0
"FCR",50,2023-05-29 11:23:00,3.8,1,18.4,205,0,0,0,5,17,2,0,3,0,4.1,7.1,3,0.22,0,0,0,0
"FCR",50,2023-05-29 11:33:00,5,1,24,388,0,0,0,9,41,9,0,0,0,4.3,7.9,3.6,0.354,0,0,0,0
"FCR",50,2023-05-29 11:44:00,6.2,1,22.5,294,0,0,0,24,85,4,0,0,0,4.5,6.9,2.4,0.295,0,0,0,0
"FCR",50,2023-05-29 11:50:00,8,1,18.1,206,0,0,0,24,99,6,0,0,0,4.4,6.9,2.4,0.327,0,0,0,0
"FCR",50,2023-05-29 12:02:00,9,1,20.8,280,0,0,0,25,111,6,0,0,0,4.4,7,2.6,0.41,0,0,0,0
"FCR",100,2023-06-05 10:15:00,0.1,1,36.5,163,0,0,0,17,9,12,0,0,0,4.1,5.7,1.6,0.14,0,0,0,0
"FCR",50,2023-06-05 14:32:00,0.1,1,30,702,0,0,0,6,13,4,0,0,0,3.8,8.2,4.4,0.38,0,0,0,0
"FCR",50,2023-06-05 14:33:00,1.6,1,37.1,784,0,0,0,2,11,6,0,0,3,3.8,8.2,4.3,0.3,0,0,0,0
"FCR",50,2023-06-05 14:39:00,3.8,1,25.9,267,0,0,0,6,17,4,0,3,0,4,7.2,3.2,0.24,0,0,0,0
"FCR",50,2023-06-05 14:45:00,5,1,21.1,318,0,0,0,20,88,4,0,3,0,4.4,7.3,2.9,0.39,0,0,0,0
"FCR",50,2023-06-05 14:51:00,6.2,1,22,313,0,0,0,28,120,3,0,3,0,4.5,7.1,2.6,0.35,0,0,0,0
"FCR",50,2023-06-05 14:52:00,8,1,19.4,299,0,0,0,28,130,4,0,0,0,4.5,6.5,2,0.29,0,0,0,0
"FCR",50,2023-06-05 15:00:00,9,1,20.4,325,0,0,0,27,137,4,0,0,0,4.2,6.5,2.3,0.321,0,0,0,0
"FCR",50,2023-06-14 10:10:00,0.1,1,41,1220,0,0,0,2,8,8,0,0,3,3.7,9.7,6,0.459,0,0,0,0
"FCR",50,2023-06-14 10:34:00,1.6,1,39.3,1190,0,0,0,2,7,10,0,0,3,3.4,9.2,5.8,0.44,0,0,0,0
"FCR",50,2023-06-14 10:48:00,3.8,1,29.5,425,0,0,0,3,25,6,0,0,3,4,7.2,3.2,0.26,0,0,0,0
"FCR",50,2023-06-14 11:01:00,5,1,25.1,365,0,0,0,22,156,2,0,3,0,4.4,6.7,2.4,0.33,0,0,0,0
"FCR",50,2023-06-14 11:14:00,6.2,1,23.2,429,0,0,0,33,172,1,0,3,0,4.7,7.3,2.6,0.39,0,0,0,0
"FCR",50,2023-06-14 11:26:00,8,1,23.5,415,0,0,0,32,189,4,0,3,0,4.1,6.1,2.1,0.363,0,0,0,0
"FCR",50,2023-06-14 11:39:00,9,1,23.3,324,0,0,0,36,194,2,0,3,0,4.5,6.7,2.2,0.37,0,0,0,0
"FCR",100,2023-06-14 14:50:00,0.1,1,82.8,468,0,0,0,48,5,15,0,0,0,4.4,5.9,1.5,0.137,0,0,0,0
"FCR",50,2023-06-19 09:34:00,0.1,1,45.2,1520,0,0,0,5,11,10,0,0,0,3.3,10,6.7,0.56,0,0,0,0
"FCR",50,2023-06-19 09:45:00,1.6,1,43.1,1380,0,0,0,0,8,8,0,0,43,3.6,9.4,5.7,0.47,0,0,0,0
"FCR",50,2023-06-19 10:00:00,3.8,1,26.1,353,0,0,0,2,42,4,0,0,3,4.2,6.7,2.5,0.217,0,0,0,0
"FCR",50,2023-06-19 10:10:00,5,1,25.7,377,0,0,0,16,130,4,0,0,0,4.4,6.7,2.3,0.284,0,0,0,0
"FCR",50,2023-06-19 10:21:00,6.2,1,23.5,434,0,0,0,35,213,2,0,3,0,4.7,7.2,2.5,0.42,0,0,0,0
"FCR",50,2023-06-19 10:25:00,8,1,23.1,422,0,0,0,40,236,3,0,3,0,4.8,7.1,2.4,0.44,0,0,0,0
"FCR",50,2023-06-19 10:39:00,9,1,22.3,433,0,0,0,42,252,4,0,3,0,4.4,6.5,2,0.41,0,0,0,0
"FCR",100,2023-06-19 11:34:00,0.1,1,51.2,267,0,0,0,73,8,18,0,0,0,4.3,5.8,1.5,0.157,0,0,0,0
"FCR",50,2023-06-26 09:03:00,0.1,1,47.5,1660,0,0,0,3,28,9,0,0,3,4.1,10.5,6.4,0.66,0,0,0,0
"FCR",50,2023-06-26 09:10:00,1.6,1,43.7,890,0,0,0,4,42,9,0,0,0,3.7,9.2,5.5,0.505,0,0,0,0
"FCR",50,2023-06-26 09:18:00,3.8,1,21.1,289,0,0,0,4,83,4,0,0,3,4.3,6.9,2.6,0.256,0,0,0,0
"FCR",50,2023-06-26 09:22:00,5,1,24.7,487,0,0,0,35,252,3,0,3,0,4.5,6.7,2.3,0.416,0,0,0,0
"FCR",50,2023-06-26 09:26:00,6.2,1,23.7,463,0,0,0,44,272,4,0,0,0,4.4,6.6,2.2,0.444,0,0,0,0
"FCR",50,2023-06-26 09:30:00,8,1,22.8,501,0,0,0,47,295,3,0,3,0,5,7,2,0.457,0,0,0,0
"FCR",50,2023-06-26 09:34:00,9,1,23.6,500,0,0,0,48,299,5,0,0,0,4.5,6.8,2.3,0.48,0,0,0,0
"FCR",100,2023-06-26 15:14:00,0.1,1,46.4,242,0,0,0,60,9,18,0,0,0,4.3,6.2,1.9,0.192,0,0,0,0
"FCR",50,2023-07-03 09:42:00,0.1,1,67.5,2451,0,0,0,6,12,10,0,0,0,3.5,14.3,10.7,1.047,0,0,0,0
"FCR",50,2023-07-03 09:50:00,1.6,1,51.1,1710,0,0,0,4,80,11,0,0,3,4.1,12.1,8,0.821,0,0,0,0
"FCR",50,2023-07-03 09:58:00,3.8,1,31.6,772,0,0,0,4,105,6,0,0,3,4.7,8.8,4.1,0.41,0,0,0,0
"FCR",50,2023-07-03 10:16:00,5,1,30.3,655,0,0,0,19,257,4,0,3,0,4.5,7.4,3,0.47,0,0,0,0
"FCR",50,2023-07-03 10:23:00,6.2,1,27.1,561,0,0,0,47,356,2,0,3,0,4.6,6.6,2,0.52,0,0,0,0
"FCR",50,2023-07-03 10:29:00,8,1,21.1,531,0,0,0,62,200,1,0,3,0,3.2,8.8,5.6,0.5,0,0,0,0
"FCR",50,2023-07-03 10:32:00,9,1,25,577,0,0,0,58,346,2,0,3,0,5,7.5,2.5,0.57,0,0,0,0
"FCR",100,2023-07-03 12:00:00,0.1,1,57.7,229,1,0,0,80,7,22,0,0,0,4.8,6.7,1.9,0.192,0,0,0,0
"FCR",100,2023-07-10 03:40:00,0.1,1,63.5,336,0,0,0,74,10,21,0,0,0,5.5,6.2,0.7,0.17,0,0,0,0
"FCR",50,2023-07-10 10:03:00,0.1,1,50.5,1720,0,0,0,3,12,10,0,0,3,4,14.3,10.3,1.007,0,0,0,0
"FCR",50,2023-07-10 10:20:00,1.6,1,51.3,1738,0,0,0,2,11,8,0,0,3,4,14.4,10.4,1.02,0,0,0,0
"FCR",50,2023-07-10 10:36:00,3.8,1,42.2,715,0,0,0,2,135,3,0,3,3,4.9,9.9,5,0.53,0,0,0,0
"FCR",50,2023-07-10 10:50:00,5,1,32,614,0,0,0,29,371,3,0,3,0,5.1,7.8,2.8,0.58,0,0,0,0
"FCR",50,2023-07-10 11:05:00,6.2,1,25.1,634,0,0,0,60,412,3,0,3,0,4.7,6.7,2,0.55,0,0,0,0
"FCR",50,2023-07-10 11:18:00,8,1,24.7,631,0,0,0,65,398,3,0,3,0,4.7,7.1,2.4,0.576,0,0,0,0
"FCR",50,2023-07-10 11:30:00,9,1,26.1,605,0,0,0,62,397,3,0,3,0,4.7,6.9,2.2,0.567,0,0,0,0
"FCR",50,2023-07-17 10:07:00,0.1,1,42.7,1270,0,0,0,7,183,6,0,0,0,3.9,12.8,8.9,0.968,0,0,0,0
"FCR",50,2023-07-17 10:15:00,1.6,1,41.3,797,0,0,0,5,120,5,0,0,0,4.3,10.1,5.8,0.661,0,0,0,0
"FCR",50,2023-07-17 10:28:00,3.8,1,38.2,468,0,0,0,0,103,5,0,0,43,4.7,7.5,2.8,0.299,0,0,0,0
"FCR",50,2023-07-17 10:41:00,5,1,29.3,686,0,0,0,53,358,5,0,0,0,4.8,8.9,4.1,0.621,0,0,0,0
"FCR",50,2023-07-17 10:54:00,6.2,1,27.3,583,0,0,0,62,439,4,0,3,0,4.9,7.1,2.3,0.63,0,0,0,0
"FCR",50,2023-07-17 11:00:00,8,1,24.4,625,0,0,0,74,460,4,0,0,0,4.7,6.8,2.1,0.652,0,0,0,0
"FCR",50,2023-07-17 11:12:00,9,1,23.4,668,0,0,0,75,460,3,0,3,0,4.7,6.8,2.1,0.63,0,0,0,0
"FCR",100,2023-07-17 13:15:00,0.1,1,46.5,233,0,0,0,78,16,20,0,0,0,4.9,7.2,2.3,0.21,0,0,0,0
"FCR",50,2023-07-24 10:00:00,0.1,1,36,532,0,0,0,15,61,8,0,0,0,4.5,11.3,6.8,0.76,0,0,0,0
"FCR",50,2023-07-24 10:20:00,1.6,1,36.6,677,0,0,0,13,58,9,0,0,0,4.5,10.7,6.2,0.658,0,0,0,0
"FCR",100,2023-07-24 10:20:00,0.1,1,48.1,242,0,0,0,58,9,25,0,0,0,4.5,6,1.4,0.151,0,0,0,0
"FCR",200,2023-07-24 10:40:00,0.1,1,69.3,240,0,0,0,49,40,9,0,0,0,5.8,8.2,2.5,0.24,0,0,0,0
"FCR",50,2023-07-24 10:41:00,3.8,1,46.8,545,0,0,0,4,19,7,0,0,3,5.1,9.3,4.2,0.34,0,0,0,0
"FCR",50,2023-07-24 11:01:00,5,1,35.7,548,0,0,0,27,157,4,0,0,0,5.3,8.1,2.8,0.427,0,0,0,0
"FCR",50,2023-07-24 11:15:00,6.2,1,26.1,738,0,0,0,80,379,4,0,3,0,5.8,11.8,6,0.683,0,0,0,0
"FCR",50,2023-07-24 11:32:00,8,1,24.4,714,0,0,0,90,468,2,0,3,0,5.3,7.2,2,0.72,0,0,0,0
"FCR",50,2023-07-24 11:43:00,9,1,25.3,704,0,0,0,92,457,2,0,3,0,5.2,7.2,1.9,0.71,0,0,0,0
"FCR",50,2023-07-31 09:55:00,0.1,1,40.3,604,0,0,0,3,17,16,0,0,3,4.6,10.8,6.3,0.573,0,0,0,0
"FCR",50,2023-07-31 10:05:00,1.6,1,41.7,497,0,0,0,2,11,10,0,0,3,4.3,10.3,6,0.502,0,0,0,0
"FCR",50,2023-07-31 10:15:00,3.8,1,36.8,347,0,0,0,2,19,6,0,0,3,5.1,9,4,0.43,0,0,0,0
"FCR",50,2023-07-31 10:25:00,5,1,30.3,490,0,0,0,40,203,2,0,3,0,5.6,7.7,2.2,0.414,0,0,0,0
"FCR",50,2023-07-31 10:35:00,6.2,1,31.7,690,0,0,0,58,287,4,0,0,0,5.4,8.3,2.9,0.592,0,0,0,0
"FCR",50,2023-07-31 10:43:00,8,1,32.9,749,0,0,0,81,383,5,0,0,0,5.6,11.8,6.3,0.728,0,0,0,0
"FCR",50,2023-07-31 10:50:00,9,1,30.2,717,0,0,0,76,376,7,0,0,0,5.6,12.3,6.7,0.75,0,0,0,0
"FCR",100,2023-07-31 11:50:00,0.1,1,43.1,190,0,0,0,79,14,30,0,0,0,5.2,7,1.8,0.204,0,0,0,0
"FCR",50,2023-08-07 09:20:00,0.1,1,35.7,577,0,0,0,3,14,5,0,0,3,4.8,10,5.2,0.4,0,0,0,0
"FCR",50,2023-08-07 09:32:00,3.8,1,53.1,503,0,0,0,4,27,2,0,3,3,6,8.6,2.6,0.26,0,0,0,0
"FCR",50,2023-08-07 09:40:00,1.6,1,40.2,595,0,0,0,4,7,5,0,0,0,4.4,9.9,5.6,0.43,0,0,0,0
"FCR",100,2023-08-07 09:43:00,0.1,1,74.2,434,0,0,0,68,9,20,0,0,0,5.2,7.8,2.6,0.21,0,0,0,0
"FCR",50,2023-08-07 09:50:00,5,1,37.6,528,0,0,0,23,140,3,0,3,0,5.6,8.8,3.2,0.4,0,0,0,0
"FCR",50,2023-08-07 09:56:00,6.2,1,26.6,780,0,0,0,87,477,2,0,3,0,5.8,7.9,2.1,0.73,0,0,0,0
"FCR",50,2023-08-07 10:03:00,8,1,26,789,0,0,0,90,506,1,0,3,0,5.8,8.7,2.9,0.8,0,0,0,0
"FCR",50,2023-08-07 10:07:00,9,1,26.1,774,0,0,0,84,528,2,0,3,0,5.6,7.6,2,0.74,0,0,0,0
"FCR",50,2023-08-14 01:05:00,1.6,1,50.2,693,0,0,0,1,13,14,0,0,3,7.4,13.6,6.2,0.517,0,0,0,0
"FCR",50,2023-08-14 01:20:00,3.8,1,63.5,653,0,0,0,1,12,4,0,0,3,5.3,8.9,3.6,0.34,0,0,0,0
"FCR",50,2023-08-14 01:40:00,5,1,30,710,0,0,0,55,447,3,0,3,0,5.7,7.7,2,0.667,0,0,0,0
"FCR",50,2023-08-14 01:55:00,6.2,1,26.4,754,0,0,0,66,556,4,0,0,0,5.5,8.1,2.5,0.849,0,0,0,0
"FCR",50,2023-08-14 02:10:00,9,1,29.4,885,0,0,0,74,620,4,0,0,0,6.1,7.8,1.7,0.874,0,0,0,0
"FCR",50,2023-08-14 02:30:00,8,1,25.1,843,0,0,0,71,584,3,0,3,0,6.2,8.2,2,0.809,0,0,0,0
"FCR",100,2023-08-14 10:50:00,0.1,1,38.8,192,0,0,0,91,11,35,0,0,0,5.4,7.2,1.8,0.221,0,0,0,0
"FCR",200,2023-08-14 11:27:00,0.1,1,120,393,0,0,0,40,93,8,0,0,0,6.8,9.8,3,0.31,0,0,0,0
"FCR",50,2023-08-14 12:50:00,0.1,1,33.3,565,0,0,0,2,8,13,0,0,3,4.6,10.3,5.7,0.467,0,0,0,0
"FCR",50,2023-08-22 13:23:00,0.1,1,41.4,752,0,0,0,2,9,14,0,0,3,4.6,11,6.4,0.55,0,0,0,0
"FCR",50,2023-08-22 13:33:00,1.6,1,39.2,726,0,0,0,0,9,12,0,0,3,4.8,10.8,6,0.528,0,0,0,0
"FCR",50,2023-08-22 13:45:00,3.8,1,68.2,727,0,0,0,4,22,6,0,0,3,5.8,8.9,3.1,0.354,0,0,0,0
"FCR",50,2023-08-22 14:05:00,5,1,55.8,819,0,0,0,50,464,4,0,3,0,6.1,10.7,4.6,0.78,0,0,0,0
"FCR",50,2023-08-22 14:15:00,6.2,1,36.1,831,0,0,0,40,378,8,0,0,0,6.2,10.8,4.6,0.67,0,0,0,0
"FCR",50,2023-08-22 14:25:00,8,1,22.1,921,0,0,0,68,701,3,0,3,0,6.2,9.7,3.5,0.96,0,0,0,0
"FCR",50,2023-08-22 14:30:00,9,1,21.8,851,0,0,0,64,709,3,0,3,0,6.5,8.3,1.9,1.021,0,0,0,0
"FCR",50,2023-08-29 13:01:00,0.1,1,40.7,915,0,0,0,2,6,4,0,0,3,4.4,11.1,6.7,0.52,0,0,0,0
"FCR",50,2023-08-29 13:15:00,1.6,1,45.8,830,0,0,0,3,58,5,0,0,3,4.6,10.2,5.6,0.51,0,0,0,0
"FCR",50,2023-08-29 13:25:00,3.8,1,53.8,484,0,0,0,6,14,2,0,3,0,5,7.4,2.5,0.23,0,0,0,0
"FCR",50,2023-08-29 13:34:00,5,1,34.4,730,0,0,0,33,497,3,0,3,0,6.2,8.5,2.4,0.74,0,0,0,0
"FCR",50,2023-08-29 13:44:00,6.2,1,22.8,1000,0,0,0,61,862,1,0,3,0,5.9,7.5,1.6,1.02,0,0,0,0
"FCR",50,2023-08-29 13:52:00,8,1,24.9,1050,0,0,0,64,867,2,0,3,0,5.9,7.9,2,0.98,0,0,0,0
"FCR",50,2023-08-29 13:59:00,9,1,22.1,971,0,0,0,64,853,3,0,3,0,5.9,7.7,1.9,0.93,0,0,0,0
"FCR",100,2023-08-29 14:52:00,0.1,1,49.9,233,0,0,0,81,16,23,0,0,0,5.3,7.2,1.9,0.15,0,0,0,0
"FCR",50,2023-09-05 10:13:00,0.1,1,37.8,675,0,0,0,3,8,4,0,0,3,4.9,11.3,6.4,0.53,0,0,0,0
"FCR",50,2023-09-05 10:24:00,1.6,1,31.7,565,0,0,0,3,7,6,0,0,3,4.5,10.3,5.8,0.45,0,0,0,0
"FCR",50,2023-09-05 10:33:00,3.8,1,49.8,437,0,0,0,6,12,2,0,3,0,5.2,8.3,3.1,0.25,0,0,0,0
"FCR",50,2023-09-05 10:43:00,5,1,36.9,764,0,0,0,18,347,4,0,0,0,5.9,8.5,2.5,0.54,0,0,0,0
"FCR",50,2023-09-05 10:57:00,6.2,1,21.6,1150,0,0,0,56,943,4,0,0,0,6,7.8,1.8,1.07,0,0,0,0
"FCR",50,2023-09-05 11:07:00,8,1,24.6,990,0,0,0,58,925,2,0,3,0,6.1,8.1,2,0.98,0,0,0,0
"FCR",50,2023-09-05 11:17:00,9,1,21.3,1050,0,0,0,59,953,2,0,3,0,6.5,8.6,2.1,1.19,0,0,0,0
"FCR",100,2023-09-05 16:00:00,0.1,1,56.6,282,0,0,0,90,12,24,0,0,0,5.4,7.1,1.7,0.2,0,0,0,0
"FCR",100,2023-09-12 12:00:00,0.1,1,44,175,1,0,0,39,9,33,0,0,0,5.4,7.2,1.8,0.169,0,0,0,0
"FCR",50,2023-09-12 14:30:00,0.1,1,36.5,997,0,0,0,5,53,23,0,0,0,4.9,13.4,8.5,1.19,0,0,0,0
"FCR",50,2023-09-12 14:37:00,1.6,1,39.8,750,0,0,0,2,10,13,0,0,3,5,10.5,5.5,0.539,0,0,0,0
"FCR",50,2023-09-12 14:48:00,3.8,1,50.7,551,0,0,0,3,10,8,0,0,3,5.5,8.9,3.4,0.394,0,0,0,0
"FCR",50,2023-09-12 14:58:00,5,1,25,1250,0,0,0,34,831,4,0,0,0,6.4,8.4,2,1.112,0,0,0,0
"FCR",50,2023-09-12 15:05:00,6.2,1,18.7,1430,0,0,0,50,1080,7,0,0,0,7.1,8.9,1.8,1.368,0,0,0,0
"FCR",50,2023-09-12 15:11:00,8,1,22.7,1090,0,0,0,45,1080,4,0,0,0,6.7,8.5,1.8,1.31,0,0,0,0
"FCR",50,2023-09-12 15:15:00,9,1,25,1150,0,0,0,50,1070,3,0,3,0,6.5,8.7,2.2,1.31,0,0,0,0
"FCR",50,2023-09-18 10:04:00,0.1,1,40.9,653,0,0,0,9,12,5,0,0,0,4.8,10.4,5.6,0.47,0,0,0,0
"FCR",50,2023-09-18 10:17:00,1.6,1,38.7,660,0,0,0,3,9,4,0,0,3,5.1,10.2,5.1,0.47,0,0,0,0
"FCR",50,2023-09-18 10:27:00,3.8,1,48.3,650,0,0,0,5,8,3,0,3,0,5.1,8.9,3.7,0.34,0,0,0,0
"FCR",50,2023-09-18 10:36:00,5,1,33.3,896,0,0,0,18,769,3,0,3,0,6.1,8.3,2.1,0.91,0,0,0,0
"FCR",50,2023-09-18 10:46:00,6.2,1,40.1,900,0,0,0,35,786,3,0,3,0,6.6,9.2,2.6,1.04,0,0,0,0
"FCR",50,2023-09-18 10:56:00,8,1,25.6,1330,0,0,0,47,1020,2,0,3,0,6.8,8.9,2,1.28,0,0,0,0
"FCR",50,2023-09-18 11:06:00,9,1,25.9,1260,0,0,0,47,1150,3,0,3,0,6.7,8.7,2,1.34,0,0,0,0
"FCR",100,2023-09-18 12:00:00,0.1,1,NA,NA,0,0,0,20,17,19,0,0,0,NA,NA,NA,NA,0,0,0,0
"FCR",50,2023-09-26 14:15:00,0.1,1,37.5,737,0,0,0,9,16,23,0,0,0,4.7,10.2,5.5,0.589,0,0,0,0
"FCR",50,2023-09-26 14:20:00,1.6,1,43.4,813,0,0,0,3,11,10,0,0,3,4.9,9.4,4.4,0.381,0,0,0,0
"FCR",50,2023-09-26 14:29:00,3.8,1,31.7,619,0,0,0,4,67,7,0,0,3,5,9.4,4.4,0.44,0,0,0,0
"FCR",50,2023-09-26 14:38:00,5,1,40.5,1570,0,0,0,21,989,3,0,3,0,6.6,8.7,2.1,1.306,0,0,0,0
"FCR",50,2023-09-26 14:48:00,6.2,1,24.4,1640,0,0,0,32,1220,2,0,3,0,7,8.9,1.9,1.493,0,0,0,0
"FCR",50,2023-09-26 14:52:00,8,1,21.5,1660,0,0,0,33,1260,8,0,0,0,6.6,8.5,1.9,1.541,0,0,0,0
"FCR",50,2023-09-26 15:05:00,9,1,19.1,1610,0,0,0,31,1290,3,0,3,0,7,8.6,1.6,1.56,0,0,0,0
"FCR",50,2023-10-03 11:17:00,0.1,1,29.4,603,0,0,0,5,42,7,0,0,0,4.7,9.1,4.5,0.435,0,0,0,0
"FCR",50,2023-10-03 11:26:00,1.6,1,31.4,604,0,0,0,0,25,9,0,0,43,4.8,9.3,4.5,0.442,0,0,0,0
"FCR",50,2023-10-03 11:33:00,3.8,1,34.3,638,0,0,0,3,89,6,0,0,3,5.6,9.7,4.1,0.426,0,0,0,0
"FCR",50,2023-10-03 11:40:00,5,1,30.8,1680,0,0,0,4,713,11,0,0,3,5.4,7.8,2.4,0.529,0,0,0,0
"FCR",50,2023-10-03 11:49:00,6.2,1,24.8,1700,0,0,0,19,999,2,0,3,0,6.4,8.5,2.1,1.23,0,0,0,0
"FCR",50,2023-10-03 12:22:00,8,1,21.1,1850,0,0,0,23,1380,3,0,3,0,7,8.9,1.9,1.53,0,0,0,0
"FCR",50,2023-10-03 12:29:00,9,1,20.9,1700,0,0,0,27,1350,4,0,0,0,7.1,9,1.8,1.561,0,0,0,0
"FCR",100,2023-10-03 14:00:00,0.1,1,30.4,136,0,0,0,40,9,24,0,0,0,4.7,6.6,1.9,0.165,0,0,0,0
"FCR",50,2023-10-09 09:45:00,0.1,1,32.1,638,0,0,0,12,96,8,0,0,0,5.4,9.7,4.3,0.45,0,0,0,0
"FCR",50,2023-10-09 09:57:00,1.6,1,31.9,583,0,0,0,8,89,6,0,0,0,5.1,9.2,4.1,0.44,0,0,0,0
"FCR",50,2023-10-09 10:09:00,3.8,1,33.5,673,0,0,0,7,92,7,0,0,0,4.9,9,4.1,0.461,0,0,0,0
"FCR",50,2023-10-09 10:20:00,5,1,36.9,1320,0,0,0,6,748,2,0,3,0,6.3,8.7,2.4,1.015,0,0,0,0
"FCR",50,2023-10-09 10:30:00,6.2,1,23.4,1740,0,0,0,20,1240,2,0,3,0,7.2,9.1,1.8,1.462,0,0,0,0
"FCR",50,2023-10-09 10:40:00,8,1,24.7,1680,0,0,0,20,1150,3,0,3,0,6.9,8.8,1.9,1.36,0,0,0,0
"FCR",50,2023-10-09 10:52:00,9,1,22.8,1732,0,0,0,28,1430,0,0,3,0,7.5,9.2,1.7,1.67,0,0,0,0
"FCR",50,2023-10-17 10:47:00,0.1,1,32,656,0,0,0,17,137,7,0,0,0,5.5,9.3,3.9,0.513,0,0,0,0
"FCR",50,2023-10-17 10:56:00,1.6,1,32.5,671,0,0,0,18,142,7,0,0,0,5.5,9.3,3.8,0.5,0,0,0,0
"FCR",50,2023-10-17 11:07:00,3.8,1,37.8,662,0,0,0,14,142,6,0,0,0,5.7,9.4,3.7,0.47,0,0,0,0
"FCR",50,2023-10-17 11:17:00,5,1,31.9,662,0,0,0,14,142,8,0,0,0,5.6,9.4,3.8,0.497,0,0,0,0
"FCR",50,2023-10-17 11:25:00,6.2,1,24,1740,0,0,0,20,1170,6,0,0,0,7.1,9.3,2.1,1.36,0,0,0,0
"FCR",50,2023-10-17 11:34:00,8,1,25.9,1660,0,0,0,21,1280,3,0,3,0,6.8,8.8,2,1.45,0,0,0,0
"FCR",50,2023-10-17 11:43:00,9,1,25.4,1800,0,0,0,20,1370,3,0,3,0,7,10.5,3.5,1.5,0,0,0,0
"FCR",100,2023-10-17 13:48:00,0.1,1,35.6,94.3,0,0,0,4,9,19,0,0,3,5.1,6.9,1.8,0.1,0,0,0,0
"FCR",50,2023-10-24 13:34:00,0.1,1,32.4,665,0,0,0,23,148,4,0,0,0,5.3,8.9,3.6,0.493,0,0,0,0
"FCR",50,2023-10-24 13:44:00,1.6,1,34.9,678,0,0,0,26,147,9,0,0,0,5.2,8.8,3.6,0.5,0,0,0,0
"FCR",50,2023-10-24 13:59:00,3.8,1,32.2,672,0,0,0,24,164,5,0,0,0,5.8,9.5,3.6,0.485,0,0,0,0
"FCR",50,2023-10-24 14:08:00,5,1,33.1,685,0,0,0,24,161,6,0,0,0,4.4,7.9,3.5,0.485,0,0,0,0
"FCR",50,2023-10-24 14:19:00,6.2,1,31.1,970,0,0,0,24,579,3,0,3,0,6.6,9.6,3,0.879,0,0,0,0
"FCR",50,2023-10-24 14:31:00,8,1,29.1,1400,0,0,0,28,1100,2,0,3,0,6.7,9.3,2.6,1.39,0,0,0,0
"FCR",50,2023-10-24 14:40:00,9,1,33.4,1498,0,0,0,21,1380,3,0,3,0,7.3,9.3,2,1.67,0,0,0,0
"FCR",50,2023-10-31 13:16:00,0.1,1,62.2,830,0,0,0,NA,NA,NA,0,0,0,NA,NA,NA,NA,0,0,0,0
"FCR",50,2023-10-31 13:30:00,1.6,1,53,718,0,0,0,7,31,9,0,0,0,4.6,8.3,3.8,0.389,0,0,0,0
"FCR",50,2023-10-31 13:42:00,3.8,1,30.1,586,0,0,0,20,53,6,0,0,0,4.8,8.8,4,0.383,0,0,0,0
"FCR",50,2023-10-31 13:56:00,5,1,26.5,632,0,0,0,25,172,6,0,0,0,4.9,8.5,3.5,0.557,0,0,0,0
"FCR",50,2023-10-31 14:08:00,6.2,1,25.9,1170,0,0,0,32,757,2,0,3,0,6.4,9.1,2.6,1.106,0,0,0,0
"FCR",100,2023-10-31 14:15:00,0.1,1,40.3,120,0,0,0,2,11,30,0,0,3,5.5,8.5,3,0.11,0,0,0,0
"FCR",50,2023-10-31 14:18:00,8,1,30.5,1440,0,0,0,26,807,3,0,3,0,6,8.6,2.6,1.342,0,0,0,0
"FCR",50,2023-10-31 14:29:00,9,1,31.2,961,0,0,0,26,983,4,0,3,0,5.9,8.4,2.5,1.324,0,0,0,0
"FCR",50,2023-11-06 09:54:00,0.1,1,43.6,545,0,0,0,15,60,8,0,0,0,5.7,9.5,3.7,0.405,0,0,0,0
"FCR",50,2023-11-06 10:08:00,1.6,1,45.5,642,0,0,0,13,60,12,0,0,0,5.2,8.9,3.7,0.406,0,0,0,0
"FCR",50,2023-11-06 10:27:00,3.8,1,39.3,621,0,0,0,15,104,8,0,0,0,5.2,8.8,3.6,0.45,0,0,0,0
"FCR",50,2023-11-06 10:42:00,5,1,37.8,639,0,0,0,15,126,8,0,0,0,5.2,8.6,3.4,0.449,0,0,0,0
"FCR",50,2023-11-06 10:55:00,6.2,1,37.5,650,0,0,0,14,130,6,0,0,0,5.3,9,3.7,0.457,0,0,0,0
"FCR",50,2023-11-06 11:09:00,8,1,32.4,622,0,0,0,15,128,7,0,0,0,4.9,8.4,3.5,0.446,0,0,0,0
"FCR",50,2023-11-06 11:29:00,9,1,36.2,609,0,0,0,14,133,12,0,0,0,5.3,8.7,3.5,0.441,0,0,0,0
"FCR",100,2023-11-14 10:30:00,0.1,1,53.3,259,0,0,0,1,7,22,0,0,3,5.4,6.8,1.3,0.091,0,0,0,0
"FCR",50,2023-11-14 11:11:00,0.1,1,44.1,585,0,0,0,2,11,9,0,0,3,5.3,8.9,3.6,0.311,0,0,0,0
"FCR",50,2023-11-14 11:19:00,1.6,1,42.6,539,0,0,0,3,8,7,0,0,3,5.2,8.8,3.6,0.311,0,0,0,0
"FCR",50,2023-11-14 11:29:00,3.8,1,42.6,543,0,0,0,3,5,8,0,0,3,5.3,8.7,3.4,0.302,0,0,0,0
"FCR",50,2023-11-14 11:42:00,5,1,49.2,628,0,0,0,2,9,8,0,0,3,NA,NA,NA,NA,0,0,0,0
"FCR",50,2023-11-14 11:52:00,6.2,1,45.4,586,0,0,0,2,6,6,0,0,3,5.9,9.6,3.7,0.312,0,0,0,0
"FCR",50,2023-11-14 12:01:00,8,1,47.4,574,0,0,0,2,8,10,0,0,3,5,8.6,3.6,0.31,0,0,0,0
"FCR",50,2023-11-14 12:09:00,9,1,49.1,600,0,0,0,2,10,6,0,0,3,5.3,8.8,3.5,0.342,0,0,0,0
"FCR",50,2023-12-04 09:35:00,0.1,1,42.1,550,0,0,0,5,11,5,0,0,0,5.6,9.2,3.6,0.317,0,0,0,0
"FCR",50,2023-12-04 09:46:00,1.6,1,47.8,553,0,0,0,3,10,4,0,0,3,5.4,8.6,3.2,0.297,0,0,0,0
"FCR",50,2023-12-04 09:54:00,3.8,1,40.4,494,0,0,0,5,9,7,0,0,0,5.3,8.6,3.4,0.297,0,0,0,0
"FCR",50,2023-12-04 10:03:00,5,1,48.1,613,0,0,0,2,7,5,0,0,3,5.2,8.7,3.5,0.305,0,0,0,0
"FCR",50,2023-12-04 10:08:00,6.2,1,46.3,569,0,0,0,3,8,8,0,0,3,5.2,9,3.8,0.308,0,0,0,0
"FCR",50,2023-12-04 10:15:00,8,1,48,588,0,0,0,3,8,4,0,0,3,5.1,8.5,3.5,0.304,0,0,0,0
"FCR",50,2023-12-04 10:23:00,9,1,46.4,569,0,0,0,2,10,6,0,0,3,5.6,9.4,3.7,0.321,0,0,0,0
"FCR",100,2023-12-04 12:00:00,0.1,1,40.4,152,1,0,0,3,7,23,0,0,3,4,6.4,2.4,0.136,0,0,0,0
"FCR",200,2023-12-04 14:10:00,0.1,1,51.3,192,0,0,0,10,47,2,0,3,0,5,7.6,2.6,0.24,0,0,0,0
