"sample_ID_tntp","Reservoir","Site","Date","Depth_m","TP_ugL","TN_ugL","sample_ID.DOC","TIC_mgL","TC_mgL","TOC_mgL","TNb_mgL","sample_ID.lachatSolubles","NH4_ugL","PO4_ugL","NO3NO2_ugL"
"F50 3FEB23 0.1","FCR",50,"2/3/2023",0.1,24,208,NA,NA,NA,NA,NA,NA,NA,NA,NA
"F50 3FEB23 1.6","FCR",50,"2/3/2023",1.6,29.1,258,NA,NA,NA,NA,NA,NA,NA,NA,NA
"F50 3FEB23 3.8","FCR",50,"2/3/2023",3.8,27.6,296,NA,NA,NA,NA,NA,NA,NA,NA,NA
"F50 3FEB23 5","FCR",50,"2/3/2023",5,26.3,267,NA,NA,NA,NA,NA,NA,NA,NA,NA
"F50 3FEB23 6.2","FCR",50,"2/3/2023",6.2,27,238,NA,NA,NA,NA,NA,NA,NA,NA,NA
"F50 3FEB23 8","FCR",50,"2/3/2023",8,27.8,299,NA,NA,NA,NA,NA,NA,NA,NA,NA
"F50 3FEB23 9","FCR",50,"2/3/2023",9,25.5,261,NA,NA,NA,NA,NA,NA,NA,NA,NA
"F50 3FEB23 WEIR","FCR",100,"2/3/2023",0.1,47.8,321,NA,NA,NA,NA,NA,NA,NA,NA,NA
"B50 21MAR23 0.1","BVR",50,"3/21/2023",0.1,20.1,368,"B50 21MAR23 0.1",3.230149727,5.262648937,2.03249921,0.292732928,"b50 21mar23 0.1",51.4,5.8,66.3
"B50 21MAR23 3","BVR",50,"3/21/2023",3,19.5,386,NA,NA,NA,NA,NA,NA,NA,NA,NA
"B50 21MAR23 6","BVR",50,"3/21/2023",6,16.5,354,"B50 21MAR23 6",2.758244559,5.519696921,2.761452362,0.32,"b50 21mar23 6.0",54.8,3.8,67.1
"B50 21MAR23 9","BVR",50,"3/21/2023",9,19.2,336,"B50 2MAR23 9",2.774169554,5.548384348,2.774214795,0.333755088,"b50 21mar23 9.0",60.9,3.6,66.6
"F50 4APR23 0.1","FCR",50,"4/4/2023",0.1,24.5,238,"F50 04APR23 0.1",3.59,6.4,2.81,0.17,"F50 04APR23 0.1",11.9,4.5,3.4
"F200 4APR23 0.1","FCR",200,"4/4/2023",0.1,70,214,"F200 04APR23 0.1",3.81,6,2.2,0.14,"F200 04APR23 0.1",16.6,9,15.1
"F100 4APR23 0.1","FCR",100,"4/4/2023",0.1,29.5,124,"F100 04APR23 0.1",3.717454622,5.276182235,1.558727613,0.084599712,"F100 04APR23 0.1",5.6,11.5,4.1
"F50 4APR23 1.6","FCR",50,"4/4/2023",1.6,25.1,194,"F50 04APR23 1.6",3.491119076,6.021122221,2.530003145,0.18336907,"F50 04APR23 1.6",11.4,5.1,4
"F50 4APR23 3.8","FCR",50,"4/4/2023",3.8,25.8,210,"F50 04APR23 3.8",3.776726074,6.142540163,2.365814089,0.185462661,"F50 04APR23 3.8",8.6,3.8,1.8
"F50 4APR23 5","FCR",50,"4/4/2023",5,27.3,229,"F50 04APR23 5.0",3.500585436,6.142074128,2.641488692,0.176273316,"F50 04APR23 5.0",6.9,9,2.1
"F50 4APR23 6.2","FCR",50,"4/4/2023",6.2,28.6,240,"F50 04APR23 6.2",3.607182155,6.160715504,2.553533349,0.204281031,"F50 04APR23 6.2",6.1,5.4,4.2
"F50 4APR23 8","FCR",50,"4/4/2023",8,28.9,249,"F50 04APR23 8.0",3.59,6.12,2.53,0.17,"F50 04APR23 8.0",6.4,4.8,-1.4
"F50 4APR23 9","FCR",50,"4/4/2023",9,25.9,263,"F50 04APR23 9.0",3.398281345,5.865635613,2.467354267,0.153751916,"F50 04APR23 9.0",4.4,4,1.3
"B50 12APR23 0.1","BVR",50,"4/12/2023",0.1,18.7,220,"B50 12APR23 0.1",2.6,5.85,3.25,0.2,"B50 12APR23 0.1",7.9,5.7,2.1
"B50 12APR23 3","BVR",50,"4/12/2023",3,17.6,218,"B50 12APR23 3.0",2.516403661,5.822840572,3.306436911,0.215536879,"B50 12APR23 3.0",8.4,4.1,4.7
"B50 12APR23 6","BVR",50,"4/12/2023",6,23.7,321,"B50 12APR23 6.0",2.376173638,5.359154086,2.982980448,0.237630837,"B50 12APR23 6.0",7.7,4.7,20.7
"B50 12APR23 9","BVR",50,"4/12/2023",9,22.5,461,"B50 12APR23 9.0",2.73,5.74,3.01,0.42,"B50 12APR23 9.0",172,3.1,55.6
"F50 18APR23 0.1","FCR",50,"4/18/2023",0.1,25.9,262,"F50 18APR23 0.1",3.767400592,6.200989866,2.433589274,0.165398131,"F50 18APR23 0.1",5.8,4.4,1.8
"F100 18APR23 0.1","FCR",100,"4/18/2023",0.1,40.6,268,"F100 18APR23 0.1",3.548886425,5.319950027,1.771063602,0.113809349,"F100 18APR23 0.1",4.3,13.9,5
"F50 18APR23 1.6","FCR",50,"4/18/2023",1.6,25.1,247,"F50 18APR23 1.6",3.517629348,6.262285843,2.744656496,0.202714424,"F50 18APR23 1.6",8.1,3.8,1.4
"F50 18APR23 3.8","FCR",50,"4/18/2023",3.8,24.6,225,"F50 18APR23 3.8 RERUN",3.60805891,6.281033268,2.672974358,0.200162302,"F50 18APR23 3.8",7.5,5.6,2.4
"F50 18APR23 5","FCR",50,"4/18/2023",5,34.2,234,"F50 18APR23 5.0",3.584403142,6.232271196,2.647868054,0.180795562,"F50 18APR23 5.0",6,4.4,1.8
"F50 18APR23 6.2","FCR",50,"4/18/2023",6.2,25.6,243,"F50 18APR23 6.2",3.696111787,6.169359764,2.473247977,0.166905436,"F50 18APR23 6.2",10,4.4,2.3
"F50 18APR23 8","FCR",50,"4/18/2023",8,29.5,272,"F50 18APR23 8.0",3.792732186,6.315145516,2.522413329,0.180115859,"F50 18APR23 8.0",9.7,4.9,3
"F50 18APR23 9","FCR",50,"4/18/2023",9,26.5,235,"F50 18APR23 9.0",3.557493446,5.880308292,2.322814846,0.196760959,"F50 18APR23 9.0",9.6,6,2.4
"B50 24APR23 0.1","BVR",50,"4/24/2023",0.1,16.8,281,"B50 24APR23 0.1",2.651562483,5.881736297,3.230173814,0.199420782,"B50 24APR23 0.1",5.7,3.2,2.1
"B50 24APR23 3","BVR",50,"4/24/2023",3,19.5,217,"B50 24APR23 3.0",2.386485561,5.702394543,3.315908982,0.227498478,"B50 24APR23 3.0",8.4,4,3
"B50 24APR23 6","BVR",50,"4/24/2023",6,20.1,263,"B50 24APR23 6.0",2.41864864,5.468444967,3.049796327,0.209593983,"B50 24APR23 6.0",6.9,4.7,2.5
"B50 24APR23 9","BVR",50,"4/24/2023",9,20.8,401,"B50 24APR23 9.0",2.6460552,5.271852609,2.625797408,0.306260613,"B50 24APR23 9.0",81.9,4.5,40
"B50 1MAY23 0.1","BVR",50,"5/1/2023",0.1,24.3,272,"B50 01MAY23 0.1",2.501094843,5.362910827,2.861815984,0.216738141,"B50 01MAY23 0.1",3.5,3.1,1
"B50 1MAY23 3","BVR",50,"5/1/2023",3,22,257,"B50 01MAY23 3.0",2.508795862,5.683715934,3.174920072,0.227410278,"B50 01MAY23 3.0",7.9,2.1,5.1
"B50 1MAY23 6","BVR",50,"5/1/2023",6,26.7,307,"B50 01MAY23 6.0",2.453456461,5.337698774,2.884242313,0.224594319,"B50 01MAY23 6.0",16,4.2,3.7
"B50 1MAY23 9","BVR",50,"5/1/2023",9,23.6,284,"B50 01MAY23 9.0",2.820007629,5.541291542,2.721283913,0.255016715,"B50 01MAY23 9.0",36.6,3.6,17.4
"F100 1MAY23 0.1","FCR",100,"5/1/2023",0.1,36.2,156,"F100 01MAY23 0.1",3.030653148,4.82029724,1.789644092,0.134800825,"F100 01MAY23 0.1",8.1,11.4,12.7
"F50 1MAY23 0.1","FCR",50,"5/1/2023",0.1,33.1,296,"F50 01MAY23 0.1",3.824762814,8.972235139,5.147472325,0.258859485,"F50 01MAY23 0.1",12.2,11.3,5.8
"F50 1MAY23 1.6","FCR",50,"5/1/2023",1.6,31,250,"F50 01MAY23 1.6",3.657153692,6.503706863,2.846553171,0.187455914,"F50 01MAY23 1.6",5.9,4.5,1.5
"F50 1MAY23 3.8","FCR",50,"5/1/2023",3.8,31,247,"F50 01MAY23 3.8",3.465081218,6.580756125,3.115674906,0.225293491,"F50 01MAY23 3.8",8,4.7,4.7
"F50 1MAY23 5","FCR",50,"5/1/2023",5,33.2,280,"F50 01MAY23 5.0",3.596904543,6.090909607,2.494005064,0.206595201,"F50 01MAY23 5.0",17.9,4.3,3.9
"F50 1MAY23 6.2","FCR",50,"5/1/2023",6.2,27.4,299,"F50 01MAY23 6.2",3.759366557,6.256192212,2.496825655,0.207970064,"F50 01MAY23 6.2",55.6,3.4,6.7
"F50 1MAY23 8","FCR",50,"5/1/2023",8,27.8,288,"F50 01MAY23 8.0",3.654047953,6.105723446,2.451675493,0.224726224,"F50 01MAY23 8.0",64.3,2.9,7.2
"F50 1MAY23 9","FCR",50,"5/1/2023",9,27.6,288,"F50 01MAY23 9.0",3.894073275,6.014327311,2.120254036,0.222250609,"F50 01MAY23 9.0",69.8,4,7.6
"C50 4MAY23 0.1","CCR",50,"5/4/2023",0.1,12.7,162,"C50 4MAY23 0.1",7.400742512,10.71684318,3.316100666,0.229842484,"C50 4may23 0.1",15.4,1.9,3.8
"C50 4MAY23 1.5","CCR",50,"5/4/2023",1.5,14.6,185,"C50 4MAY23 1.5",7.513046807,10.78773918,3.274692369,0.199812756,"C50 4may23 1.5",12.6,1.4,3.3
"C50 4MAY23 6","CCR",50,"5/4/2023",6,14.1,194,"C50 4may23 6",7.443421065,10.37737796,2.933956899,0.2,"C50 4may23 6",7.3,2.6,3.1
"C50 4MAY23 9","CCR",50,"5/4/2023",9,15,175,"C50 4may23 9",7.138251083,10.03463781,2.896386722,0.192482723,"C50 4may23 9",8.1,1.6,2.6
"C50 4MAY23 20","CCR",50,"5/4/2023",20,13,173,"C50 4may23 20",6.757799536,9.578917014,2.821117478,0.218123407,"C50 4MAY23 20",28.1,5,12.7
"C201 4MAY23 CCS","CCR",201,"5/4/2023",0.1,9.47,99.5,"C201 4may23 CCS",4.258513123,6.000084294,1.74157117,0.141227969,"C201 4may23 CCS",6.9,2.6,25.3
"C500 4MAY23 CCT","CCR",500,"5/4/2023",0.1,10.1,144,"C500 4may23 CCT",9.596396971,11.59662904,2.000232069,0.128970219,"C500 4may23 CCT",6.3,1.4,10.3
"C301 4MAY23 SMB","CCR",301,"5/4/2023",0.1,8.19,76.3,"C301 4MAY23 SMB",2.083785543,2.461943383,0.37815784,0.08862538,"C301 4may23 SMB",4.3,0.3,15.1
"C400 4MAY23 TCT INTUNNEL","CCR",400,"5/4/2023",0.1,26.9,107,"C400 4may23 in tunnel",15.81354282,16.91779675,1.104253931,0.1399475,"C400 4MAY23 INTUNNEL TCT",31.1,4.1,53.1
"B50 8MAY23 0.1","BVR",50,"5/8/2023",0.1,16.4,248,NA,NA,NA,NA,NA,"B50 08MAY23 0.1",4.9,3.3,2.7
"B50 8MAY23 3","BVR",50,"5/8/2023",3,15.9,213,"B50 08MAY23 3.0",2.539978672,5.630565622,3.09058695,0.210936141,"B50 08MAY23 3.0",8.2,3.3,2.1
"B50 8MAY23 6","BVR",50,"5/8/2023",6,21.5,266,"B50 08MAY23 6.0",2.689947314,5.48795956,2.798012247,0.191700258,"B50 08MAY23 6.0",10.5,3.3,3
"B50 8MAY23 9","BVR",50,"5/8/2023",9,25.6,470,"B50 08MAY23 9.0",3.359896514,5.609864742,2.249968227,0.333635779,"B50 08MAY23 9.0",205,3.4,3.2
"F50 8MAY23 0.1","FCR",50,"5/8/2023",0.1,26.4,280,"F50 08MAY23 0.1",3.585295812,6.626507952,3.041212139,0.208798821,"F50 08MAY23 0.1",15,5.7,3.2
"F100 8MAY23 0.1","FCR",100,"5/8/2023",0.1,34,130,"F100 08MAY23 0.1",3.8,5.43,1.64,0.13,"F100 08MAY23 0.1",6.3,11.5,13.4
"F50 8MAY23 1.6","FCR",50,"5/8/2023",1.6,25.4,260,"F50 08MAY23 1.6",3.550481663,6.419039134,2.86855747,0.213684125,"F50 08MAY23 1.6",14.4,5.2,3.6
"F50 8MAY23 3.8","FCR",50,"5/8/2023",3.8,21.6,183,"F50 08MAY23 3.8",3.525933225,6.447100326,2.921167101,0.187338379,"F50 08MAY23 3.8",11.4,4.6,3.2
"F50 8MAY23 5","FCR",50,"5/8/2023",5,27.1,271,"F50 08MAY23 5.0",3.244295686,5.839874518,2.595578832,0.199638876,"F50 08MAY23 5.0",51,5.4,6.2
"F50 8MAY23 6.2","FCR",50,"5/8/2023",6.2,25.3,300,"F50 08MAY23 6.2",3.680256748,6.036274676,2.356017928,0.259955886,"F50 08MAY23 6.2",89.8,4.3,10.3
"F50 8MAY23 8","FCR",50,"5/8/2023",8,24.4,311,"F50 08MAY23 8.0",3.787618013,5.985375467,2.197757454,0.316050755,"F50 08MAY23 8.0",121,4.6,12.8
"F50 8MAY23 9","FCR",50,"5/8/2023",9,23.5,297,"F50 08MAY23 9.0",3.61743195,5.71428918,2.09685723,0.24648545,"F50 08MAY23 9.0",118,2.9,13.1
"F100 8MAY23 ISCO","FCR",100.1,"5/8/2023",0.1,115,722,NA,NA,NA,NA,NA,NA,NA,NA,NA
"F50 16MAY23 0.1","FCR",50,"5/16/2023",0.1,26.6,360,"F50 16MAY23 0.1",3.7,6.7,3,0.19,"f50 15may23 0.1",9.7,3.9,2.6
"F100 16MAY23 0.1","FCR",100,"5/16/2023",0.1,50.3,259,"F100 16may23 0.1m",4.434119643,5.988998177,1.554878534,0.11,"f100 16may23 0.1",6,15.5,8.2
"F50 16MAY23 1.6","FCR",50,"5/16/2023",1.6,29.4,355,"F50 16MAY23 1.6",4,7.2,3.2,0.24,"f50 16may23 1.6",11.7,4.1,3.3
"F50 16MAY23 3.8","FCR",50,"5/16/2023",3.8,28.7,281,"F50 16may23 3.8m",4.156945615,7.144393638,2.987448022,0.25,"f50 16may23 3.8",8.5,6.7,2.4
"F50 16MAY23 5","FCR",50,"5/16/2023",5,23.4,260,"F50 15MAY23 5",3.6,6.3,2.7,0.21,"f50 16may23 5",36.5,3.7,7.2
"F50 16MAY23 6.2","FCR",50,"5/16/2023",6.2,20.7,305,"F50 16May23 6.2m",4.3,7.1,2.8,0.3,"f50 16may23 6.2",81.2,3.8,17.8
"F50 16MAY23 8","FCR",50,"5/16/2023",8,21.8,311,"F50 16MAY23 8.0",4.002604507,6.262101053,2.259496546,0.264322974,"F50 16MAY23 8.0",108,2.4,17.1
"F50 16MAY23 9","FCR",50,"5/16/2023",9,23.9,316,"F50 16MAY23 9",4.3,7.2,2.9,0.34,"f50 16may23 9",107,2,23
"B50 22MAY23 0.1","BVR",50,"5/22/2023",0.1,17.4,182,"B50 22MAY23 0.1",2.6,5.8,3.1,0.22,"b50 22may23 0.1",4.5,3,0.1
"B50 22MAY23 3","BVR",50,"5/22/2023",3,13,240,"B50 22MAY23 3",2.7,5.9,3.2,0.24,"b50 22may23 3",12.8,3.6,3.4
"B50 22MAY23 6","BVR",50,"5/22/2023",6,18.7,272,"B50 22may23 6",3.173376627,5.82325869,2.649882063,0.23,"b50 22may23 6.0",10.5,5,-1.3
"B50 22MAY23 9","BVR",50,"5/22/2023",9,25.9,715,"B50 22MAY23 9",3.7,6.4,2.7,0.52,"b50 22may23 9",439,6.5,2.4
"F50 22MAY23 0.1","FCR",50,"5/22/2023",0.1,27.4,344,"F50 22MAY23 0.1",3.8,7.9,4.1,0.3,"f50 22may23 0.1",14.7,4.8,4.4
"F100 22MAY23 0.1","FCR",100,"5/22/2023",0.1,42.4,193,"F100 22MAY23 0.1",4.2,5.6,1.4,0.15,"f100 22may23 0.1",10,13.5,29.5
"F50 22MAY23 1.6","FCR",50,"5/22/2023",1.6,28.8,386,"F50 22MAY23 1.6",3.73,7.75,4.02,0.33,"F50 22MAY23 1.6",15.4,7.1,2
"F50 22MAY23 3.8","FCR",50,"5/22/2023",3.8,22.3,211,"F50 22MAY23 3.8",3.8,6.9,3.1,0.27,"f50 22may23 3.8",13.4,3.5,5.9
"F50 22MAY23 5","FCR",50,"5/22/2023",5,19.2,267,"F50 22MAY23 5",4.3,7.3,3,0.32,"f50 22may23 5",53.1,3.3,15.6
"F50 22MAY23 6.2","FCR",50,"5/22/2023",6.2,21.6,286,"F50 22MAY23 6.2",3.9,6.3,2.3,0.3,"f50 22may23 6.2",91.6,1.5,25.4
"F50 22MAY23 8","FCR",50,"5/22/2023",8,23.7,300,"F50 22MAY23 8.0",4,6.8,2.8,0.35,"f50 22may23 8",100,2.2,23
"F50 22MAY23 9","FCR",50,"5/22/2023",9,23.6,319,"F50 22MAY23 9.0",4,6.5,2.5,0.23,"f50 22may23 9",54.6,3,12.5
"B50 29may23 0.1","BVR",50,"5/29/2023",0.1,16.5,250,"B50 29MAY23 0.1",3.627437592,7.400136223,3.772698631,0.300170202,"b50 29may23 0.1",10.4,5.6,3.1
"B50 29may23 3","BVR",50,"5/29/2023",3,14,211,"B50 29MAY23 3",2.825207073,6.227308209,3.402101137,0.255409858,"b50 29may23 3.0",11.9,4.3,3.2
"B50 29may23 6","BVR",50,"5/29/2023",6,15.2,209,"B50 29MAY23 6",2.823225033,5.935008165,3.111783132,0.227266425,"b50 29may23 6.0",10.8,3.1,2.8
"B50 29may23 9","BVR",50,"5/29/2023",9,29.8,836,"B50 29MAY23 9",4.4170777,7.247370944,2.830293244,0.78443601,"b50 29may23 9.0",581,7.8,0.2
"F50 29may23 0.1","FCR",50,"5/29/2023",0.1,29.3,487,"F50 29may23 0.1",4.035430325,8.535888875,4.500458549,0.406852864,"f50 29may23 0.1",42.4,15.6,4.6
"F100 29MAY23 0.1","FCR",100,"5/29/2023",0.1,71.6,416,"F100 29MAY23 0.1",3.781541169,8.378615802,4.597074633,0.177883771,"f100 29may23 0.1",6.8,15.8,0.1
"F50 29may23 1.6","FCR",50,"5/29/2023",1.6,31.9,553,"F50 29MAY23 1.6",4.480210121,8.172347332,3.692137211,0.32281367,"f50 29may23 1.6",20.1,13.3,4.1
"F50 29may23 3.8","FCR",50,"5/29/2023",3.8,18.4,205,"F50 29May23 3.8m",4.1,7.1,3,0.22,"f50 29may23 3.8",17.1,2.3,5.1
"F50 29may23 5","FCR",50,"5/29/2023",5,24,388,"F50 29MAY23 5",4.275564534,7.899741262,3.624176728,0.353765595,"f50 29may23 5.0",41.3,8.7,8.8
"F50 29may23 6.2","FCR",50,"5/29/2023",6.2,22.5,294,"F50 29MAY23 6.2",4.520841932,6.907786858,2.386944926,0.29507981,"f50 29may23 6.2",85.1,3.9,23.6
"F50 29may23 8","FCR",50,"5/29/2023",8,18.1,206,"F50 29MAY23 8",4.414307305,6.859588446,2.445281142,0.327494491,"f50 29may23 8.0",99.3,5.5,23.7
"F50 29may23 9","FCR",50,"5/29/2023",9,20.8,280,"F50 29may23 9m",4.433122614,7.030182132,2.597059518,0.41,"f50 29may23 9.0",111,6.1,25.2
"F100 29may23 ISCO A","FCR",100.1,"5/29/2023",0.1,1620,6360,NA,NA,NA,NA,NA,NA,NA,NA,NA
"F100 29may23 ISCOB","FCR",100.1,"5/29/2023",0.1,1650,8450,NA,NA,NA,NA,NA,NA,NA,NA,NA
"C100 1JUN23 0.1","CCR",101,"6/1/2023",0.1,8.73,112,"C100 1jun23 0.1",2.31954691,5.351144896,3.031597986,0.203946731,"C100 1JUN23 0.1",6.9,3.5,50.5
"C300 1JUN23 0.1","CCR",300,"6/1/2023",0.1,5.93,73.8,"C300 1jun23 0.1",1.895850735,3.819733813,1.923883078,0.135221941,"C300 1JUN23 0.1",9.1,1.8,13.2
"C50 1JUN23 0.1","CCR",50,"6/1/2023",0.1,11.3,203,"C50 1jun23 0.1",7.514269528,10.36500266,2.850733135,0.18,"C50 1jun23 0.1",4.8,1.3,2.3
"C50 1JUN23 1.5","CCR",50,"6/1/2023",1.5,11.4,160,"C50 1jun23 1.5",7.423104227,10.43719193,3.014087698,0.19,"C50 1jun23 1.5",7.5,-0.1,2.1
"C50 1JUN23 6","CCR",50,"6/1/2023",6,12,143,"C50 1jun23 6",7.595015937,10.51660011,2.921584177,0.2,"C50 1jun23 6",8.2,2.3,2
"C50 1JUN23 9","CCR",50,"6/1/2023",9,12.2,159,"C50 1jun23 9",8.443113703,10.82288884,2.37977514,0.18,"C50 1jun23 9",8.5,1.5,7.2
"C50 1JUN23 20","CCR",50,"6/1/2023",20,11.5,164,"C50 1jun23 20",8.430090089,11.12608375,2.695993657,0.22,"C50 1jun23 20",25.5,3.5,14.5
"B50 5jun23 0.1","BVR",50,"6/5/2023",0.1,12.4,233,"B50 05JUN23 0.1",3,5.8,2.9,0.21,"b50 05jun23 0.1",9.1,2.8,5.3
"B50 5jun23 3","BVR",50,"6/5/2023",3,15.3,231,"B50 05JUN23 3",2.9,5.8,2.9,0.25,"b50 05jun23 3",14.8,3.6,4.4
"B50 5jun23 6","BVR",50,"6/5/2023",6,17.8,231,"B50 05JUN23 6",3,6.1,3.1,0.24,"b50 05jun23 6",13.4,1.4,3.5
"B50 5jun23 9","BVR",50,"6/5/2023",9,31.3,868,"B50 05JUN23 9.0",4.4,7.4,3,0.73,"b50 05jun23 9",671,16.4,3.4
"F100 5jun23 0.1","FCR",100,"6/5/2023",0.1,36.5,163,"F100 05JUN23 0.1",4.1,5.7,1.6,0.14,"f100 05jun23 0.1",9.2,12.3,17.4
"F50 5jun23 0.1","FCR",50,"6/5/2023",0.1,30,702,"F50 05JUN23 0.2",3.8,8.2,4.4,0.38,"f50 05jun23 01",13.1,4.5,5.9
"F50 5jun23 1.6","FCR",50,"6/5/2023",1.6,37.1,784,"F50 05JUN23 1.6",3.8,8.2,4.3,0.3,"f50 05jun23 1.6",10.8,5.9,2.1
"F50 5jun23 3.8","FCR",50,"6/5/2023",3.8,25.9,267,"F50 05JUN23 3.8",4,7.2,3.2,0.24,"f50 05jun23 3.8",17,3.7,6
"F50 5JUN23 5","FCR",50,"6/5/2023",5,21.1,318,"F50 05JUN23 5.0",4.4,7.3,2.9,0.39,"f50 05jun23 5",88.4,3.7,20
"F50 5JUN23 6.2","FCR",50,"6/5/2023",6.2,22,313,"F50 05JUN23 6.2",4.5,7.1,2.6,0.35,"f50 05jun23 6.2",120,2.7,27.8
"F50 5jun23 8","FCR",50,"6/5/2023",8,19.4,299,"F50 05JUN23 8",4.5,6.5,2,0.29,"f50 05jun23 8",130,3.8,28
"F50 5jun23 9","FCR",50,"6/5/2023",9,20.4,325,"F50 05JUN23 9.0",4.18522689,6.517590439,2.33236355,0.320952476,"F50 05JUN23 9.0",137,4,26.8
"B50 14jun23 0.1","BVR",50,"6/14/2023",0.1,14.8,220,"B50 14JUN23 0.1",3.2,6.4,3.2,0.22,"b50 14jun23 0.1",7.3,0.5,3.4
"B50 14jun23 3","BVR",50,"6/14/2023",3,13.9,217,"B50 14JUN23 3",3.1,6.1,3,0.23,"b50 14jun23 3",9.4,3.3,2.8
"B50 14jun23 6","BVR",50,"6/14/2023",6,20.4,232,"B50 14JUN23 6.0",4.153642915,7.086012494,2.932369579,0.953909388,"B50 14JUN23 6.0",876,28.4,4
"B50 14jun23 9","BVR",50,"6/14/2023",9,26.8,630,"B50 14JUN23 9.0",3.3,6,2.7,0.2,"b50 14jun23 9",7.1,2.9,3
"F50 14jun23 0.1","FCR",50,"6/14/2023",0.1,41,1220,"F50 14JUN23 0.1",3.721021826,9.746489642,6.025467816,0.458537015,"F50 14JUN23 0.1",8.4,8.2,1.6
"F100 14JUN23 0.1","FCR",100,"6/14/2023",0.1,82.8,468,"F100 14JUN23 0.1",4.368327342,5.863050963,1.49472362,0.137188442,"F100 14JUN23 0.1",5.4,14.7,48
"F50 14jun23 1.6","FCR",50,"6/14/2023",1.6,39.3,1190,"F50 14JUN23 1.6",3.415251096,9.229849826,5.81459873,0.440323821,"F50 14JUN23 1.6",7.4,9.5,2.1
"F50 14jun23 3.8","FCR",50,"6/14/2023",3.8,29.5,425,"F50 14JUN23 3.8",4.01,7.2,3.19,0.26,"F50 14JUN23 3.8",25.2,5.8,2.9
"F50 14jun23 5","FCR",50,"6/14/2023",5,25.1,365,"F50 14JUN23 5",4.4,6.7,2.4,0.33,"f50 14jun23 5",156,2.2,21.8
"F50 14jun23 6.2","FCR",50,"6/14/2023",6.2,23.2,429,"F50 14JUN23 6.2",4.7,7.3,2.6,0.39,"f50 14jun23 6.2",172,1.2,32.7
"F50 14jun23 8","FCR",50,"6/14/2023",8,23.5,415,"F50 14JUN23 8.0",4.0666667,6.126398964,2.059732264,0.362752379,"F50 14JUN23 8.0",189,3.5,32.4
"F50 14jun23 9","FCR",50,"6/14/2023",9,23.3,324,"F50 14JUN23 9",4.5,6.7,2.2,0.37,"f50 14jun23 9",194,2.1,36.1
"B50 19jun23 0.1","BVR",50,"6/19/2023",0.1,13.9,297,"B50 19JUN23 0.1",2.7,5.6,2.9,0.2,"b50 19jun23 0.1",7.3,2.2,3.6
"B50 19jun23 3","BVR",50,"6/19/2023",3,15.4,214,"B50 19JUN23 3.0",2.635940749,5.463578524,2.827637775,0.200991059,"B50 19JUN23 3.0",9.8,2.5,1
"B50 19jun23 6","BVR",50,"6/19/2023",6,18.4,235,"B50 19JUN23 6.0",3.146860878,6.083501805,2.936640928,0.211726048,"B50 19JUN23 6.0",10.6,3.3,4.2
"B50 19jun23 9","BVR",50,"6/19/2023",9,36.6,1060,"B50 19JUN23 9.0",4.4,7.5,3.1,0.81,"b50 19jun23 9",710,12.4,4.7
"F100 19jun23 0.1","FCR",100,"6/19/2023",0.1,51.2,267,"F100 19JUN23 0.1",4.259627589,5.801869025,1.542241436,0.157323041,"F100 19JUN23 0.1",7.7,18.4,73
"F50 19jun23 0.1","FCR",50,"6/19/2023",0.1,45.2,1520,"F50 19JUN23 0.1",3.32644683,10.03765558,6.711208748,0.560247219,"F50 19JUN23 0.1",11.2,9.7,5
"F50 19jun23 1.6","FCR",50,"6/19/2023",1.6,43.1,1380,"F50 19JUN23 1.6",3.6,9.4,5.7,0.47,"f50 19jun23 1.6",7.9,7.7,-0.6
"F50 19jun23 3.8","FCR",50,"6/19/2023",3.8,26.1,353,"F50 19JUN23 3.8",4.177842175,6.70084936,2.523007185,0.217339574,"F50 19JUN23 3.8",41.7,4.4,2.4
"F50 19jun23 5","FCR",50,"6/19/2023",5,25.7,377,"F50 19JUN23 5.0",4.399765516,6.688732465,2.288966949,0.283599584,"F50 19JUN23 5.0",130,4,16
"F50 19jun23 6.2","FCR",50,"6/19/2023",6.2,23.5,434,"F50 19Jun23 6.2",4.7,7.2,2.5,0.42,"f50 19jun23 6.2",213,1.9,34.6
"F50 19jun23 8","FCR",50,"6/19/2023",8,23.1,422,"F50 19JUN23 8",4.8,7.1,2.4,0.44,"f50 19jun23 8",236,3.2,39.5
"F50 19jun23 9","FCR",50,"6/19/2023",9,22.3,433,"F50 19JUN23 9",4.4,6.5,2,0.41,"f50 19jun23 9",252,3.5,41.9
"B50 26jun23 0.1","BVR",50,"6/26/2023",0.1,15.7,229,"B50 25JUN23 0.1",2.876273786,6.018291181,3.142017395,0.216842649,"B50 26JUN23 0.1",4.3,3.7,1.1
"B50 26jun23 3","BVR",50,"6/26/2023",3,14.3,204,"B50 26JUN23 3.0",3.051725133,6.181804388,3.130079255,0.221178752,"B50 26JUN23 3.0",8.6,2.7,1.8
"B50 26jun23 6","BVR",50,"6/26/2023",6,14.5,157,"B50 25JUN23 6.0",3.205185304,5.796380399,2.591195095,0.202750315,"B50 26JUN23 6.0",6.2,3.7,1.4
"B50 26jun23 9","BVR",50,"6/26/2023",9,34.1,981,"B50 25JUN23 9.0",4.521787513,7.149744179,2.627956667,0.734009621,"B50 26JUN23 9.0",658,19.3,2.7
"F50 26jun23 0.1","FCR",50,"6/26/2023",0.1,47.5,1660,"F50 26JUN23 0.1",4.1,10.51,6.41,0.66,"F50 26JUN23 0.1",28.2,8.7,2.9
"F50 26jun23 1.6","FCR",50,"6/26/2023",1.6,43.7,890,"F50 26JUN23 1.6",3.733479113,9.186056739,5.452577626,0.505057598,"F50 26JUN23 1.6",42.5,8.8,4.4
"F50 26jun23 3.8","FCR",50,"6/26/2023",3.8,21.1,289,"F50 26JUN23 3.8",4.27249271,6.89099139,2.61849868,0.256251391,"F50 26JUN23 3.8",83.2,4,3.7
"F50 26jun23 5","FCR",50,"6/26/2023",5,24.7,487,"F50 26JUN23 5.0",4.46948593,6.743352918,2.273866988,0.416162517,"F50 26JUN23 5.0",252,2.8,35.3
"F50 26jun23 6.2","FCR",50,"6/26/2023",6.2,23.7,463,"F50 26JUN23 6.2",4.370818994,6.591331278,2.220512285,0.443907479,"F50 26JUN23 6.2",272,3.9,44.3
"F50 26jun23 8","FCR",50,"6/26/2023",8,22.8,501,"F50 25JUN23 8.0",4.979299609,7.009103355,2.029803746,0.457106101,"F50 26JUN23 8.0",295,2.8,47
"F50 26jun23 9","FCR",50,"6/26/2023",9,23.6,500,"F50 26JUN23 9.0",4.53,6.85,2.32,0.48,"F50 26JUN23 9.0",299,4.8,47.5
"F100 26jun23 weir","FCR",100,"6/26/2023",0.1,46.4,242,"F100 25JUN23 WEIR",4.303788018,6.235822144,1.932034126,0.191910059,"F100 26JUN23 WEIR",9.1,18.5,60.3
"C50 30JUN23 0.1","CCR",50,"6/30/2023",0.1,9.07,202,"C50 30jun23 0.1",7.568968708,11.02914388,3.460175171,0.2,"C50 30jun23 0.1",5.7,-0.1,2.2
"C50 30JUN23 1.5","CCR",50,"6/30/2023",1.5,7.74,169,"C50 30jun23 1.5",7.504371581,10.45730179,2.95293021,0.19,"C50 30jun23 1.5",7.4,1.1,2.8
"C50 30JUN23 6","CCR",50,"6/30/2023",6,12.7,181,"C50 30jun23 6",7.456965624,10.6274622,3.170496572,0.19,"C50 30jun23 6",5.8,2.3,1.7
"C50 30JUN23 9","CCR",50,"6/30/2023",9,14.5,200,"C50 30jun23 9",8.225879816,10.89198428,2.666104464,0.18,"C50 30jun23 9",10,1.3,10
"C50 30JUN23 20","CCR",50,"6/30/2023",20,22.6,227,"C50 30JUN23 20",9.205778807,11.86758044,2.661801632,0.303930038,"C50 30jun23 20",60.5,0,21.8
"C101 30JUN23 HPB STREAM","CCR",101,"6/30/2023",0.1,10.6,171,"C101 30jun23 0.1",2.556966915,4.631945864,2.074978949,0.253652606,"C101 30JUN23 HPB STREAM 0.1",7.1,5.6,137
"B50 3jul23 0.1","BVR",50,"7/3/2023",0.1,12.9,219,"B50 03JUL23 0.1",2.65286584,5.767848514,3.114982674,0.209952924,"B50 03JUL23 0.1",8.4,3.6,-1.9
"B50 3jul23 3","BVR",50,"7/3/2023",3,13.5,179,"B50 03JUL23 3",3.2,6.2,3,0.22,"b50 03jul23 3.0",8.2,4,-1
"B50 3jul23 6","BVR",50,"7/3/2023",6,30.3,429,"B50 07JUL23 6",3.6,6.1,2.5,0.24,"b50 03jul23 6",6.2,3.1,3.5
"B50 3jul23 9","BVR",50,"7/3/2023",9,32.8,1050,"B50 03JUL23 9.0",4.89,7.51,2.62,0.79,"B50 03JUL23 9.0",701,27.2,2.7
"F100 3jul23 0.1","FCR",100,"7/3/2023",0.1,57.7,229,"F100 03JUL23 0.1",4.795721088,6.706409262,1.910688175,0.192040142,"F100 03JUL23 0.1",7.1,22.3,79.6
"F50 3jul23 0.1","FCR",50,"7/3/2023",0.1,67.5,2451,"F50 03JUL23 0.1",3.546048548,14.26013548,10.71408693,1.047206321,"F50 03JUL23 0.1",12.3,9.7,5.8
"F50 3jul23 1.6","FCR",50,"7/3/2023",1.6,51.1,1710,"F50 03JUL23 1.6",4.059016656,12.06292675,8.003910093,0.821468813,"F50 03JUL23 1.6",79.9,10.9,3.6
"F50 3jul23 3.8","FCR",50,"7/3/2023",3.8,31.6,772,"F50 03JUL23 3.8",4.71,8.84,4.12,0.41,"F50 03JUL23 3.8",105,5.5,3.7
"F50 3jul23 5","FCR",50,"7/3/2023",5,30.3,655,"F50 03JUL23 5.0",4.48,7.44,2.96,0.47,"F50 03JUL23 5.0",257,3.5,19.4
"F50 3jul23 6.2","FCR",50,"7/3/2023",6.2,27.1,561,"F50 03JUL23 6.2",4.6,6.6,2,0.52,"f50 03jul23 6.2",356,2.2,46.8
"F50 3jul23 8","FCR",50,"7/3/2023",8,21.1,531,"F50 03JUL23 8",3.2,8.8,5.6,0.5,"f50 03jul23 8",200,0.7,62.4
"F50 3jul23 9","FCR",50,"7/3/2023",9,25,577,"F50 3Jul23 9.0",5,7.5,2.5,0.57,"f50 03jul23 9",346,2,58
"B50 10jul23 0.1","BVR",50,"7/10/2023",0.1,11.3,193,"B50 10JUL23 0.1",2.9,5.8,2.9,0.2,"b50 10jul23 0.1",5.8,2.5,1.6
"B50 10jul23 3","BVR",50,"7/10/2023",3,12.9,234,"B50 10JUL23 3.0",2.72,6.02,3.29,0.24,"B50 10JUL23 3.0",10.7,2.7,1.4
"B50 10jul23 6","BVR",50,"7/10/2023",6,21.4,318,"B50 10JUL23 6",3.2,6.2,2.9,0.22,"b50 10jul23 6",10.4,2.8,7.9
"B50 10jul23 9","BVR",50,"7/10/2023",9,32,1280,"B50 10JUL23 9.0",4.9,8.23,3.33,1.18,"B50 10JUL23 9.0",1100,27.6,6.4
"F50 10jul23 0.1","FCR",50,"7/10/2023",0.1,50.5,1720,"F50 10JUL23 0.1",4.007379319,14.33961902,10.3322397,1.007491296,"F50 10JUL23 0.1",12.1,9.6,3.3
"F100 10jul23 0.1","FCR",100,"7/10/2023",0.1,63.5,336,"F100 10JUL23 0.1",5.48,6.16,0.68,0.17,"F100 10JUL23 0.1",9.5,21.2,73.8
"F50 10jul23 1.6","FCR",50,"7/10/2023",1.6,51.3,1738,"F50 10JUL23 1.6",4.05,14.43,10.38,1.02,"F50 10JUL23 1.6",11.3,8.4,2.3
"F50 10JUL23 3.8","FCR",50,"7/10/2023",3.8,42.2,715,"F50 10Jul23 3.8m",4.9,9.9,5,0.53,"f50 10jul23 3.8",135,3.4,1.9
"F50 10jul23 5","FCR",50,"7/10/2023",5,32,614,"F50 10Jul23 5m",5.1,7.8,2.8,0.58,"f50 10jul23 5",371,2.6,29
"F50 10jul23 6.2","FCR",50,"7/10/2023",6.2,25.1,634,"F50 10JUL23 6.2",4.7,6.7,2,0.55,"f50 10jul23 6.2",412,3,60.2
"F50 10jul23 8","FCR",50,"7/10/2023",8,24.7,631,"F50 10JUL23 8.0",4.735484386,7.138551311,2.403066926,0.576262204,"F50 10JUL23 8.0",398,3.4,65.1
"F50 10jul23 9","FCR",50,"7/10/2023",9,26.1,605,"F50 10JUL23 9.0",4.674769614,6.885495156,2.210725542,0.566722778,"F50 10JUL23 9.0",397,3,62.5
"F100 10jul23 ISCO A","FCR",100.1,"7/10/2023",0.1,350,1510,NA,NA,NA,NA,NA,NA,NA,NA,NA
"B50 17JUL23 0.1","BVR",50,"7/17/2023",0.1,15.1,297,"B50 17JUL23 0.1",2.89,6.2,3.32,0.21,"B50 17JUL23 0.1",11.7,3.3,1.9
"B50 17JUL23 3","BVR",50,"7/17/2023",3,12.4,212,"B50 17Jul23 3m",3.2,7,3.8,0.25,"b50 17jul23 3",10.3,2,3.7
"B50 17JUL23 6","BVR",50,"7/17/2023",6,20.2,247,"B50 17JUL23 6.0",3.33,6.26,2.93,0.24,"B50 17JUL23 6.0",13.8,4.5,3.4
"B50 17JUL23 9","BVR",50,"7/17/2023",9,26.9,846,"B50 17JUL23 9.0",4.380467834,7.318344924,2.937877089,0.729480649,"B50 17JUL23 9.0",603,13.9,2.5
"F100 17JUL23 0.1","FCR",100,"7/17/2023",0.1,46.5,233,"F100 17JUL23 0.1",4.9,7.2,2.3,0.21,"f100 17jul23 0.1",15.5,19.5,78.5
"F50 17JUL23 0.1","FCR",50,"7/17/2023",0.1,42.7,1270,"F50 17JUL23 0.1",3.868718692,12.80273046,8.934011764,0.967547559,"F50 17JUL23 0.1",183,5.9,6.7
"F50 17JUL23 1.6","FCR",50,"7/17/2023",1.6,41.3,797,"F50 17JUL23 1.6",4.281682082,10.05489885,5.773216769,0.660978263,"F50 17JUL23 1.6",120,5,4.8
"F50 17JUL23 3.8","FCR",50,"7/17/2023",3.8,38.2,468,"F50 17JUL23 3.8",4.689589755,7.487963463,2.798373708,0.29918524,"F50 17JUL23 3.8",103,5,-1.6
"F50 17JUL23 5","FCR",50,"7/17/2023",5,29.3,686,"F50 17JUL23 5.0",4.774691907,8.885152537,4.11046063,0.621494859,"F50 17JUL23 5.0",358,4.6,53.4
"F50 17JUL23 6.2","FCR",50,"7/17/2023",6.2,27.3,583,"F50 17JUL23 6.2",4.9,7.1,2.3,0.63,"f50 17jul23 6.2",439,3.6,62.4
"F50 17JUL23 8","FCR",50,"7/17/2023",8,24.4,625,"F50 17JUL23 8.0",4.667635719,6.758171589,2.09053587,0.651920823,"F50 17JUL23 8.0",460,3.8,74.4
"F50 17JUL23 9","FCR",50,"7/17/2023",9,23.4,668,"F50 17JUL23 9.0",4.72,6.78,2.06,0.63,"F50 17JUL23 9.0",460,3.3,74.7
"B50 24JUL23 0.1","BVR",50,"7/24/2023",0.1,15.6,280,"B50 24JUL23 0.1",2.992689417,6.342362482,3.349673065,0.233819574,"b50 24jul23 0.1",9.8,6.3,-0.1
"B50 24JUL23 3","BVR",50,"7/24/2023",3,12.5,178,"B50 24JUL23 3",3.264245493,6.512577213,3.24833172,0.248101868,"b50 24jul23 3.0",13.3,6.2,-1.2
"B50 24JUL23 6","BVR",50,"7/24/2023",6,21.7,279,"B50 24JUL23 6",3.693654489,6.444031084,2.750376595,0.25255326,"b50 24jul23 6.0",17.2,3.9,1.2
"B50 24JUL23 9","BVR",50,"7/24/2023",9,34.4,1530,"B50 24jul23 9",5.676417625,8.936717446,3.260299822,1.49,"b50 24jul23 9.0",1260,31.4,4.1
"F200 24JUL23 0.1","FCR",200,"7/24/2023",0.1,69.3,240,"F200 24JUL23 0.1",5.776464005,8.246458868,2.469994863,0.240197192,"f200 24jul23 0.1",39.7,9.1,49.3
"F50 24JUL23 0.1","FCR",50,"7/24/2023",0.1,36,532,"F50 24jul23 0.1",4.51238641,11.31603527,6.803648861,0.76,"f50 24jul23 0.1",61.1,7.5,14.9
"F100 24JUL23 0.1","FCR",100,"7/24/2023",0.1,48.1,242,"F100 24jul23 0.1",4.513846365,5.959159969,1.445313604,0.151448432,"f100 24jul23 0.1",9.3,25.4,57.5
"F50 24JUL23 1.6","FCR",50,"7/24/2023",1.6,36.6,677,"F50 24jul23 1.6",4.489571555,10.66565052,6.176078967,0.658120464,"f50 24jul23 1.6",57.8,8.7,12.9
"F50 24JUL23 3.8","FCR",50,"7/24/2023",3.8,46.8,545,"F50 24JUL23 3.8",5.122711815,9.296484768,4.173772953,0.34,"f50 24jul23 3.8",18.9,7,3.6
"F50 24JUL23 5","FCR",50,"7/24/2023",5,35.7,548,"F50 24JUL23 5",5.255187596,8.103418421,2.848230825,0.427371495,"f50 24jul23 5.0",157,3.9,27
"F50 24JUL23 6.2","FCR",50,"7/24/2023",6.2,26.1,738,"F50 24jul23 6.2",5.784733793,11.81827134,6.033537546,0.683301183,"f50 24jul23 6.2",379,3.6,80.1
"F50 24JUL23 8","FCR",50,"7/24/2023",8,24.4,714,"F50 24JUL23 8",5.250694473,7.240620188,1.989925715,0.72,"f50 24jul23 8.0",468,2.1,89.6
"F50 24JUL23 9","FCR",50,"7/24/2023",9,25.3,704,"F50 24jul23 9",5.242710063,7.178922697,1.936212634,0.71,"f50 24jul23 9.0",457,2.1,91.9
"B50 31JUL23 0.1","BVR",50,"7/31/2023",0.1,12.4,279,"B50 31JUL23 0.1",3.480679487,7.030827491,3.550148004,0.273404516,"b50 31jul23 0.1",6.5,5.7,-1.8
"B50 31JUL23 3","BVR",50,"7/31/2023",3,16.2,232,"B50 31JUL23 3.0",3.144810955,6.882910258,3.738099304,0.266643826,"b50 31jul23 3.0",13.2,6,3.4
"B50 31JUL23 6","BVR",50,"7/31/2023",6,53.1,669,"B50 31JUL23 6",3.87401615,6.693809023,2.819792873,0.305618536,"b50 31jul23 6.0",15.5,8.2,2.8
"B50 31JUL23 9","BVR",50,"7/31/2023",9,30.3,1140,"B50 31JUL23 9",5.509384172,8.876666055,3.367281883,1.054191847,"b50 31jul23 9.0",787,20,3.5
"F100 31JUL23 0.1","FCR",100,"7/31/2023",0.1,43.1,190,"F100 31JUL23 0.1",5.171941933,7.018176768,1.846234835,0.204388916,"f100 31jul23 0.1",13.5,30.1,78.6
"F50 31JUL23 0.1","FCR",50,"7/31/2023",0.1,40.3,604,"F50 31jul23 0.1",4.562901709,10.8453975,6.282495789,0.572925699,"f50 31jul23 0.1",16.6,15.5,3.1
"F50 31JUL23 1.6","FCR",50,"7/31/2023",1.6,41.7,497,"F50 31JUL23 1.6",4.320160425,10.34438542,6.024224999,0.501855048,"f50 31jul23 1.6",11.3,10.4,2.3
"F50 31JUL23 3.8","FCR",50,"7/31/2023",3.8,36.8,347,"F50 31JUL23 3.8",5.084168775,9.035282474,3.951113698,0.43,"f50 31jul23 3.8",18.9,5.7,2.5
"F50 31JUL23 5","FCR",50,"7/31/2023",5,30.3,490,"F50 31jul23 5",5.563731881,7.719826936,2.156095055,0.414287172,"f50 31jul23 5.0",203,2.5,39.9
"F50 31JUL23 6.2","FCR",50,"7/31/2023",6.2,31.7,690,"F5031JUL23 6.2",5.414741782,8.342337428,2.927595646,0.591785309,"f50 31jul23 6.2",287,3.8,58.5
"F50 31JUL23 8","FCR",50,"7/31/2023",8,32.9,749,"F50 31JUL23 8",5.558439651,11.83905444,6.280614792,0.727763139,"f50 31jul23 8.0",383,5.3,81.1
"F50 31JUL23 9","FCR",50,"7/31/2023",9,30.2,717,"F50 31jul23 9",5.614601835,12.31950287,6.704901034,0.75,"f50 31jul23 9.0",376,6.8,76
"B50 7AUG23 0.1","BVR",50,"8/7/2023",0.1,16.1,319,"B50 07AUG23 0.1",3.1,7.1,3.9,0.27,"b50 07aug23 0.1",7.7,3.3,1.6
"B50 7AUG23 3","BVR",50,"8/7/2023",3,23.6,391,"F50 07AUG23 3.0",3,6.8,3.8,0.27,"b50 07aug23 3",13.4,5.5,-0.2
"B50 7AUG23 6","BVR",50,"8/7/2023",6,21.2,298,"B50 07AUG23 6.0",4.1,6.5,2.4,0.23,"b50 07aug23 6",15.6,2.2,3.9
"B50 7AUG23 9","BVR",50,"8/7/2023",9,27.5,871,"B50 07AUG23 9",4.7,7.2,2.5,0.58,"b50 07aug23 9",462,6.5,4.6
"F50 7AUG23 0.1","FCR",50,"8/7/2023",0.1,35.7,577,"F50 7Aug23 0.1m",4.8,10,5.2,0.4,"f50 07aug23 0.1",14.4,4.7,3.4
"F100 7AUG23 0.1","FCR",100,"8/7/2023",0.1,74.2,434,"F100 7Aug23 0.1m",5.2,7.8,2.6,0.21,"f100 07aug23 0.1",9,20,67.9
"F50 7AUG23 1.6","FCR",50,"8/7/2023",1.6,40.2,595,"F50 07AUG23 1.6",4.4,9.9,5.6,0.43,"f50 07aug23 1.6",7,5.2,4.5
"F50 7AUG23 3.8","FCR",50,"8/7/2023",3.8,53.1,503,"F50 7Aug23 3.8",6,8.6,2.6,0.26,"f50 07aug23 3.8",26.9,2.2,3.5
"F50 7AUG23 5","FCR",50,"8/7/2023",5,37.6,528,"F50 07AUG23 5",5.6,8.8,3.2,0.4,"f50 07aug23 5",140,2.8,23.1
"F50 7AUG23 6.2","FCR",50,"8/7/2023",6.2,26.6,780,"F50 07AUG23 6.2",5.8,7.9,2.1,0.73,"f50 07aug23 6.2",477,2,86.7
"F50 7AUG23 8","FCR",50,"8/7/2023",8,26,789,"F50 07AUG23 8",5.8,8.7,2.9,0.8,"f50 07aug23 8",506,0.9,90.1
"F50 7AUG23 9","FCR",50,"8/7/2023",9,26.1,774,"F50 07AUG23 9",5.6,7.6,2,0.74,"f50 07aug23 9",528,1.5,83.6
"C50 9AUG23 0.1","CCR",50,"8/9/2023",0.1,7.99,140,"C50 9AUG23 0.1",7.621777783,10.60309214,2.981314357,0.170263077,"C50 9aug23 0.1",6.8,1.7,2.4
"C50 9AUG23 1.5","CCR",50,"8/9/2023",1.5,9.07,192,"C50 9AUG23 1.5",8.593720402,10.52426002,1.930539621,0.20658678,"C50 9aug23 1.5",10,1.3,2.4
"C50 9AUG23 6","CCR",50,"8/9/2023",6,9.79,158,"C50 9AUG23 6",8.021478975,11.23639444,3.214915463,0.241256981,"C50 9aug23 6",8.6,2.6,2.9
"C50 9AUG23 9","CCR",50,"8/9/2023",9,13.5,257,"C50 9AUG23 9",8.613118417,11.51680398,2.90368556,0.201092887,"C50 9aug23 9",13.1,1.4,32.2
"C50 9AUG23 20","CCR",50,"8/9/2023",20,23.8,275,"C50 9AUG23 20",9.70119485,12.10063879,2.399443943,0.28,"C50 9aug23 20",72.4,2.7,39.2
"B50 14AUG23 0.1","BVR",50,"8/14/2023",0.1,25.2,354,"B50 14aug23 0.1",3.258622597,7.641080882,4.382458285,0.3,"b50 14aug23 0.1",7.3,7.9,1.3
"B50 14AUG23 3","BVR",50,"8/14/2023",3,18.4,372,"B50 14AUG23 3",3.393061412,7.817337526,4.424276115,0.381382435,"b50 14aug23 3.0",12.3,7.1,2.8
"B50 14AUG23 6","BVR",50,"8/14/2023",6,28.5,408,"B50 14AUG23 6",4.446726192,6.907756032,2.46102984,0.240487645,"b50 14aug23 6.0",12.1,2.5,4.3
"B50 14AUG23 9","BVR",50,"8/14/2023",9,23.4,1050,"B50 14AUG23 9",6.195169866,8.666769746,2.471599881,1.010952769,"b50 14aug23 9.0",823,16.6,2.5
"F200 14AUG23 0.1","FCR",200,"8/14/2023",0.1,120,393,"F200 14AUG23 0.1",6.775615257,9.809542157,3.0339269,0.31,"f200 14aug23 0.1",92.7,8,39.8
"F50 14AUG23 0.1","FCR",50,"8/14/2023",0.1,33.3,565,"F50 14AUG23 0.1",4.607556163,10.30914357,5.701587411,0.466514855,"f50 14aug23 0.1",7.5,12.9,2
"F100 14AUG23 0.1","FCR",100,"8/14/2023",0.1,38.8,192,"F100 14aug23 0.1",5.369027679,7.216322053,1.847294375,0.221414858,"f100 14aug23 0.1",10.8,34.6,90.8
"F50 14AUG23 3.8","FCR",50,"8/14/2023",3.8,63.5,653,"F50 14aug23 3.8m",5.289071906,8.861284731,3.572212825,0.34,"f50 14aug23 3.8",12.1,4.1,0.8
"F50 14AUG23 5","FCR",50,"8/14/2023",5,30,710,"F50 14AUG23 5",5.678621045,7.672668516,1.994047472,0.66729412,"f50 14aug23 5.0",447,3.3,55.2
"F50 14AUG23 6.2","FCR",50,"8/14/2023",6.2,26.4,754,"F50 14aug23 6.2",5.531871193,8.073453776,2.541582583,0.848534661,"f50 14aug23 6.2",556,3.9,65.9
"F50 14AUG23 8","FCR",50,"8/14/2023",8,25.1,843,"F50 14AUG23 8",6.172376411,8.217436168,2.045059758,0.808624311,"f50 14aug23 8.0",584,3.3,70.9
"F50 14AUG23 9","FCR",50,"8/14/2023",9,29.4,885,"F50 14AUG23 9",6.064051444,7.810799352,1.746747908,0.873873843,"f50 14aug23 9.0",620,4.4,74.1
"B50 22AUG23 0.1","BVR",50,"8/22/2023",0.1,21.7,426,"B50 22aug23 0.1",3.386079168,7.839302671,4.453223502,0.336886439,"b50 22aug23 0.1",10.7,7.5,2
"B50 22AUG23 3","BVR",50,"8/22/2023",3,23.5,428,NA,NA,NA,NA,NA,"b50 22aug23 3.0",10.4,6.9,1.6
"B50 22AUG23 6","BVR",50,"8/22/2023",6,27.5,378,"B50 22AUG23 6",4.715577321,6.875654583,2.160077263,0.170394458,"b50 22aug23 6.0",13,3,1.9
"B50 22AUG23 9","BVR",50,"8/22/2023",9,23.3,1530,"B50 22aug23 9",6.04531831,8.685452135,2.640133825,1.52,"b50 22aug23 9.0",1270,8,2.6
"F50 22AUG23 0.1","FCR",50,"8/22/2023",0.1,41.4,752,"F50 22aug23 0.1m",4.589656148,10.96330765,6.373651497,0.55,"f50 22aug23 0.1",8.9,13.5,2.1
"F50 22AUG23 1.6","FCR",50,"8/22/2023",1.6,39.2,726,"F50 22aug23 1.6",4.786937973,10.77339203,5.98645406,0.528319855,"f50 22aug23 1.6",8.7,12.3,0.5
"F50 22AUG23 1.6","FCR",50,"8/14/2023",1.6,50.2,693,"F50 14AUG23 1.6",7.369079244,13.56296201,6.193882762,0.517001076,"f50 14aug23 1.6",12.9,13.9,1.1
"F50 22AUG23 3.8","FCR",50,"8/22/2023",3.8,68.2,727,"F50 22aug23 3.8",5.842892191,8.893249331,3.05035714,0.353973355,"f50 22aug23 3.8",22.4,5.9,4.1
"F50 22AUG23 5","FCR",50,"8/22/2023",5,55.8,819,"F50 22aug23 5",6.062267801,10.66317043,4.600902633,0.78,"f50 22aug23 5.0",464,3.6,49.6
"F50 22AUG23 6.2","FCR",50,"8/22/2023",6.2,36.1,831,"F50 22aug23 6.2",6.160475145,10.78800626,4.62753112,0.67,"f50 22aug23 6.2",378,8.2,39.6
"F50 22AUG23 8","FCR",50,"8/22/2023",8,22.1,921,"F50 22aug23 8",6.194872641,9.657046754,3.462174113,0.96,"f50 22aug23 8.0",701,3.3,67.9
"F50 22AUG23 9","FCR",50,"8/22/2023",9,21.8,851,"F50 22AUG23 9",6.469682347,8.344410478,1.874728131,1.020723982,"f50 22aug23 9.0",709,2.6,64
"B50 29AUG23 0.1","BVR",50,"8/29/2023",0.1,21.8,415,"B50 29AUG23 0.1",3.2,7.6,4.3,0.36,"b50 29aug23 0.1",12.6,5.3,3.1
"B50 29AUG23 3","BVR",50,"8/29/2023",3,22.6,383,"B50 29AUG23 3",3.6,8,4.5,0.39,"b50 29aug23 3",19.1,3.2,2.2
"B50 29AUG23 6","BVR",50,"8/29/2023",6,21.7,295,"B50 29AUG23 6",4.4,6.4,2,0.17,"b50 29aug23 6",16.1,0.9,3.2
"B50 29AUG23 9","BVR",50,"8/29/2023",9,27.2,1450,"B50 29Aug23 9.0m",5.9,9.2,3.3,1.5,"b50 29aug23 9",1290,10,2.1
"F50 29aug23 0.1","FCR",50,"8/29/2023",0.1,40.7,915,"F50 29AUG23 0.1",4.4,11.1,6.7,0.52,"f50 29aug23 0.1",6.2,4.5,1.6
"F100 29AUG23 0.1","FCR",100,"8/29/2023",0.1,49.9,233,"F100 29Aug23 0.1m",5.3,7.2,1.9,0.15,"f100 29aug23 0.1",16.2,23.4,80.6
"F50 29aug23 1.6","FCR",50,"8/29/2023",1.6,45.8,830,"F50 29AUG23 1.6",4.6,10.2,5.6,0.51,"f50 29aug23 1.6",57.9,5.3,3.2
"F50 29aug23 3.8","FCR",50,"8/29/2023",3.8,53.8,484,"F50 29AUG23 3.8",5,7.4,2.5,0.23,"f50 29aug23 3.8",13.8,1.9,5.6
"F50 29AUG23 5","FCR",50,"8/29/2023",5,34.4,730,"F50 29Aug23 5m",6.2,8.5,2.4,0.74,"f50 29aug23 5",497,3,32.7
"F50 29aug23 6.2","FCR",50,"8/29/2023",6.2,22.8,1000,"F50 29AUG23 6.2",5.9,7.5,1.6,1.02,"f50 29aug23 6.2",862,1.3,61.3
"F50 29aug23 8","FCR",50,"8/29/2023",8,24.9,1050,"F50 29AUG23 8.0",5.9,7.9,2,0.98,"f50 29aug23 8",867,2.2,63.7
"F50 29aug23 9","FCR",50,"8/29/2023",9,22.1,971,"F50 29AUG23 9.0",5.9,7.7,1.9,0.93,"f50 29aug23 9",853,3.1,63.5
"B50 5SEP23 0.1","BVR",50,"9/5/2023",0.1,25.1,447,"B50 05SEP23 0.1",3.2,6.9,3.7,0.28,"b40 05sep23 0.1",13.9,2.2,5.9
"B50 5SEP23 3","BVR",50,"9/5/2023",3,24.2,380,"B50 05SEP23 3",3.3,6.9,3.6,0.27,"b50 05sep23 3",8.4,3.7,7
"B50 5SEP23 6","BVR",50,"9/5/2023",6,29.5,433,"B50 5Sep23 6.0m",5.1,7.5,2.4,0.19,"b50 05sep23 6",11.1,3.2,5.1
"B50 5SEP23 9","BVR",50,"9/5/2023",9,22.6,1330,"B50 5Sep23 9.0m",5.9,9.3,3.4,1.36,"b50 05sep23 9",1160,13.2,4.6
"F100 5sep23 0.1","FCR",100,"9/5/2023",0.1,56.6,282,"F100 05SEP23 0.1",5.4,7.1,1.7,0.2,"f100 05sep23 0.1",12,23.8,90.1
"F50 5SEP23 0.1","FCR",50,"9/5/2023",0.1,37.8,675,"F50 5Sep23 0.1m",4.9,11.3,6.4,0.53,"f50 05sep23 0.1",8.4,4.3,3.1
"F50 5SEP23 1.6","FCR",50,"9/5/2023",1.6,31.7,565,"F50 05SEP23 1.6",4.5,10.3,5.8,0.45,"f50 05sep23 1.6",6.7,6.5,2.6
"F50 5SEP23 3.8","FCR",50,"9/5/2023",3.8,49.8,437,"F50 05SEP23 3.8",5.2,8.3,3.1,0.25,"f50 05sep23 3.8",12.5,2.5,5.9
"F50 5SEP23 5","FCR",50,"9/5/2023",5,36.9,764,"F50 05SEP23 5",5.9,8.5,2.5,0.54,"f50 05sep23 5",347,4.1,18
"F50 5SEP23 6.2","FCR",50,"9/5/2023",6.2,21.6,1150,"F50 05SEP23 6.2",6,7.8,1.8,1.07,"f50 05sep23 6.2",943,4.2,56.5
"F50 5SEP23 8","FCR",50,"9/5/2023",8,24.6,990,"F50 05SEP23 8.0",6.1,8.1,2,0.98,"f50 05sep23 8",925,2,58.1
"F50 5SEP23 9","FCR",50,"9/5/2023",9,21.3,1050,"F50 05SEP23 9",6.5,8.6,2.1,1.19,"f50 05sep23 9",953,2.2,58.9
"B50 12SEP23 0.1","BVR",50,"9/12/2023",0.1,21.3,479,"B50 12sep23 0.1m",3.546763942,7.312789206,3.766025264,0.27,"b50 12sep23 0.1",4.8,5.6,0.7
"B50 12SEP23 3","BVR",50,"9/12/2023",3,16.4,348,NA,NA,NA,NA,NA,"b50 12sep23 3.0",9.8,4.9,0.2
"B50 12SEP23 6","BVR",50,"9/12/2023",6,21.3,404,"B50 12SEP23 6",4.773353748,6.915545365,2.142191617,0.2,"b50 12sep23 6.0",16.3,2.3,1.8
"B50 12SEP23 9","BVR",50,"9/12/2023",9,16.9,1120,"B50 12sep23 9m",5.805532865,8.403907494,2.598374629,1.08,"b50 12sep23 9.0",840,7.5,-1.9
"F50 12SEP23 0.1","FCR",50,"9/12/2023",0.1,36.5,997,"F50 12sep23 0.1",4.867827205,13.40690264,8.539075437,1.19,"f50 12sep23 0.1",52.7,23,4.9
"F100 12SEP23 0.1","FCR",100,"9/12/2023",0.1,44,175,"F100 12sep23 0.1",5.442357833,7.229656399,1.787298566,0.169194843,"f100 12sep23 0.1",9.4,33,38.9
"F50 12SEP23 1.6","FCR",50,"9/12/2023",1.6,39.8,750,"F50 12SEP23 1.6",4.971755936,10.5216312,5.549875259,0.539243101,"f50 12sep23 1.6",10.5,12.6,1.9
"F50 12SEP23 3.8","FCR",50,"9/12/2023",3.8,50.7,551,"F50 12SEP23 3.8",5.476185009,8.896878292,3.420693283,0.39413767,"f50 12sep23 3.8",9.6,8,2.6
"F50 12SEP23 5","FCR",50,"9/12/2023",5,25,1250,"F50 12sep23 5",6.374409377,8.420146757,2.04573738,1.112272712,"f50 12sep23 5.0",831,4.3,34.4
"F50 12SEP23 6.2","FCR",50,"9/12/2023",6.2,18.7,1430,"F50 12SEP23 6.2",7.055870553,8.874074742,1.818204189,1.368333402,"f50 12sep23 6.2",1080,7,49.8
"F50 12SEP23 8","FCR",50,"9/12/2023",8,22.7,1090,"F50 12sep23 8m",6.660485127,8.451185745,1.790700618,1.31,"f50 12sep23 8.0",1080,4,45.4
"F50 12SEP23 9","FCR",50,"9/12/2023",9,25,1150,"F50 12sep23 9m",6.458088265,8.663672266,2.205584001,1.31,"f50 12sep23 9.0",1070,3.1,49.7
"F100 12SEP23 ISCOA","FCR",100.1,"9/12/2023",0.1,59.2,259,NA,NA,NA,NA,NA,NA,NA,NA,NA
"B50 18SEP23 0.1","BVR",50,"9/18/2023",0.1,24.4,332,"B50 18SEP23 0.1",3.4,7.2,3.9,0.28,"b50 18sep23 0.1",9.3,3.9,2.8
"B50 18SEP23 3","BVR",50,"9/18/2023",3,27.4,353,"B50 18SEP23 3",3.4,7.1,3.7,0.27,"b50 18sep23 3",6.7,2.9,13.1
"B50 18SEP23 6","BVR",50,"9/18/2023",6,29.9,336,"B50 18SEP23 6",4.6,6.9,2.4,0.2,"b50 18sep23 6",8.1,2.8,2.8
"B50 18SEP23 9","BVR",50,"9/18/2023",9,22.8,1614,"B50 18Sep23 9m",6.2,10.1,3.9,1.84,"b50 18sep23 9",1570,14.6,4
"F50 18SEP23 0.1","FCR",50,"9/18/2023",0.1,40.9,653,"F50 18Sep23 0.1m",4.8,10.4,5.6,0.47,"f50 18sep23 0.1",12.4,5.3,8.9
"F50 18sep23 1.6","FCR",50,"9/18/2023",1.6,38.7,660,"F50 18SEP23 1.6",5.1,10.2,5.1,0.47,"f50 18sep23 1.6",9.1,3.9,2.7
"F50 18sep23 3.8","FCR",50,"9/18/2023",3.8,48.3,650,"F50 18SEP23 3.8",5.1,8.9,3.7,0.34,"f50 18sep23 3.8",8.4,2.6,5.4
"F50 18SEP23 5","FCR",50,"9/18/2023",5,33.3,896,"F50 18SEP23 5",6.1,8.3,2.1,0.91,"f50 18sep23 5",769,2.8,17.6
"F50 18SEP23 6.2","FCR",50,"9/18/2023",6.2,40.1,900,"F50 18Sep23 6.2m",6.6,9.2,2.6,1.04,"f50 18sep23 6.2",786,3,35.2
"F50 18SEP23 8","FCR",50,"9/18/2023",8,25.6,1330,"F50 18SEP23 8",6.8,8.9,2,1.28,"f50 18sep23 8",1020,2,46.8
"F50 18SEP23 9","FCR",50,"9/18/2023",9,25.9,1260,"F50 18SEP23 9",6.7,8.7,2,1.34,"f50 18sep23 9",1150,2.7,47.1
"F100 18SEP23 ISCOA","FCR",100.1,"9/18/2023",0.1,88.6,398,NA,NA,NA,NA,NA,NA,NA,NA,NA
"B50 25SEP23 0.1","BVR",50,"9/25/2023",0.1,23.6,335,"B50 25sep23 0.1",3.7,7.2,3.5,0.27,"B50 25sep23 0.1",7,5.5,2.8
"B50 25SEP23 3","BVR",50,"9/25/2023",3,22.4,409,"B50 25SEP23 3",3.829976427,7.427586376,3.597609949,0.381697966,"B50 25sep23 3",21.2,4.9,4.6
"B50 25SEP23 9","BVR",50,"9/25/2023",9,18.5,2346,"B50 25sep23 9",5.9,9.3,3.4,2.09,"B50 25sep23 9",1790,11.6,3.8
"F50 25SEP23 9","FCR",50,"9/26/2023",9,19.1,1610,"F50 26SEP23 9",7.021460282,8.642341663,1.620881381,1.56,"F50 26sep23 9",1290,2.6,31.1
"B50 26SEP23 0.1","FCR",50,"9/26/2023",0.1,37.5,737,"F50 26sep23 0.1",4.675703422,10.16978092,5.4940775,0.589340959,"F50 26sep23 0.1",16.1,22.8,8.8
"B50 26SEP23 6","BVR",50,"9/25/2023",6,26.7,387,"B50 25sep23 6",4.210582702,6.9759492,2.765366498,0.229472926,"B50 25sep23 6",13.5,1.8,2.4
"F50 26SEP23 1.6","FCR",50,"9/26/2023",1.6,43.4,813,"F50 25SEP23 1.6",4.931068985,9.368761092,4.437692107,0.381057901,"F50 26sep23 1.6",10.9,10.5,2.9
"F50 26SEP23 3.8","FCR",50,"9/26/2023",3.8,31.7,619,"F50 26sep23 3.8",5.026759186,9.378587952,4.351828765,0.44,"F50 26sep23 3.8",67.3,6.7,3.6
"F50 26SEP23 5","FCR",50,"9/26/2023",5,40.5,1570,"F50 26sep23 5",6.59695625,8.654948179,2.057991929,1.306390678,"F50 26sep23 5",989,3.4,20.6
"F50 26SEP23 6.2","FCR",50,"9/26/2023",6.2,24.4,1640,"F50 25SEP23 6.2",6.978069986,8.889948577,1.91187859,1.493277957,"F50 26sep23 6.2",1220,1.6,31.9
"F50 26SEP23 8","FCR",50,"9/26/2023",8,21.5,1660,"F50 26sep23 8",6.638405262,8.497448116,1.859042853,1.541486146,"F50 26sep23 8",1260,7.6,32.9
"B50 3OCT23 0.1","BVR",50,"10/3/2023",0.1,55.8,1070,"B50 3oct23 0.1",3.8,7.3,3.5,0.27,"B50 3oct23 0.1",8.2,6.3,2.3
"B50 3OCT23 3","BVR",50,"10/3/2023",3,20.4,398,"B50 3oct23 3",3.6,7,3.4,0.24,"B50 3oct23 3",8.7,4.7,3
"B50 3OCT23 6","BVR",50,"10/3/2023",6,31.9,405,"B50 3oct23 6",4.70481544,7.468150679,2.763335239,0.22,"B50 3oct23 6",14.3,2.4,2.9
"B50 3OCT23 9","BVR",50,"10/3/2023",9,16.2,2166,"B50 3oct23 9",6.8,9.6,2.8,2,"B50 3oct23 9",1780,7.7,2.8
"F100 3OCT23 0.1","FCR",100,"10/3/2023",0.1,30.4,136,"F100 3oct23 0.1",4.67638621,6.579120063,1.902733853,0.165092138,"F100 3OCT23 0.1",9,24,39.5
"F50 3OCT23 0.1","FCR",50,"10/3/2023",0.1,29.4,603,"F50 3oct23 0.1",4.678637938,9.149880618,4.47124268,0.434817368,"F50 3oct23 0.1",42.1,7.1,4.9
"F50 3OCT23 1.6","FCR",50,"10/3/2023",1.6,31.4,604,"F50 3oct23 1.6",4.769118835,9.292616045,4.52349721,0.442302189,"F50 3oct23 1.6",25.1,8.9,-1.3
"F50 3OCT23 3.8","FCR",50,"10/3/2023",3.8,34.3,638,"F50 3OCT23 3.8",5.610192041,9.697511504,4.087319463,0.425887878,"F50 3oct23 3.8",88.9,6.1,2.8
"F50 3OCT23 5","FCR",50,"10/3/2023",5,30.8,1680,"F50 3oct23 5",5.390992273,7.785239712,2.394247438,0.529076829,"F50 3oct23 5",713,11,3.9
"F50 3OCT23 6.2","FCR",50,"10/3/2023",6.2,24.8,1700,"F50 3oct23 6.2",6.4,8.5,2.1,1.23,"F50 3oct23 6.2",999,2.2,19.4
"F50 3OCT23 8","FCR",50,"10/3/2023",8,21.1,1850,"F50 3OCT23 8",6.972454772,8.887832278,1.915377507,1.53,"F50 3oct23 8",1380,3,22.8
"F50 3OCT23 9","FCR",50,"10/3/2023",9,20.9,1700,"F50 3OCT23 9",7.142953109,8.990472751,1.847519642,1.561391568,"F50 3oct23 9",1350,3.9,27.4
"B50 9OCT23 0.1","BVR",50,"10/9/2023",0.1,18.1,345,"B50 9oct23 0.1",3.339608355,6.294998325,2.95538997,0.253944307,"B50 9OCT23 0.1",17.6,6.2,6.6
"B50 9OCT23 3","BVR",50,"10/9/2023",3,20.5,352,"B50 9oct23 3",3.34476966,6.686364583,3.341594923,0.286206454,"B50 9OCT23 3",11.1,5,3.6
"B50 9OCT23 6","BVR",50,"10/9/2023",6,20.1,369,"B50 9oct23 6",3.890231417,7.002775362,3.112543945,0.272863194,"B50 9oct23 6",5.9,4,2
"B50 9OCT23 9","BVR",50,"10/9/2023",9,20.6,2379,"B50 9OCT23 9",6.543146083,9.622187826,3.079041744,2.18,"B50 9oct23 9",1810,12.6,3.5
"F50 9OCT23 0.1","FCR",50,"10/9/2023",0.1,32.1,638,"F50 9oct23 0.1",5.360163714,9.681782855,4.321619141,0.45,"F50 9oct23 0.1",96.3,7.9,11.6
"F50 9OCT23 1.6","FCR",50,"10/9/2023",1.6,31.9,583,"F50 9oct23 1.6",5.083542145,9.184708218,4.101166073,0.44,"F50 9oct23 1.6",89,6.2,8.2
"F50 9OCT23 3.8","FCR",50,"10/9/2023",3.8,33.5,673,"F50 9oct23 3.8",4.948124286,9.047131357,4.099007071,0.461176956,"F50 9oct23 3.8",91.7,6.8,7.4
"F50 9OCT23 5","FCR",50,"10/9/2023",5,36.9,1320,"F50 9oct23 5",6.305826829,8.723192798,2.417365969,1.01537915,"F50 9oct23 5",748,2.2,6.5
"F50 9OCT23 6.2","FCR",50,"10/9/2023",6.2,23.4,1740,"F50 9OCT23 6.2",7.233307019,9.068775792,1.835468773,1.461541388,"F50 9oct23 6.2",1240,1.5,20
"F50 9OCT23 8","FCR",50,"10/9/2023",8,24.7,1680,"F50 9oct23 8",6.949924026,8.813695363,1.863771336,1.36,"F50 9oct23 8",1150,3,19.7
"F50 9OCT23 9","FCR",50,"10/9/2023",9,22.8,1732,"F50 9oct23 9",7.5,9.2,1.7,1.67,"F50 9oct23 9",1430,0.4,28.5
"B50 17OCT23 0.1","BVR",50,"10/17/2023",0.1,19.7,365,"B50 17oct23 0.1",4,7.7,3.7,0.28,"B50 17oct23 0.1",17,5.8,4.6
"B50 17OCT23 3","BVR",50,"10/17/2023",3,20,355,"B50 17OCT23 3",4.061221178,7.603239144,3.542017966,0.31,"B50 17oct23 3",19.1,3.7,3.8
"B50 17OCT23 6","BVR",50,"10/17/2023",6,28.2,451,"B50 17oct23 6",4.029671271,7.847144308,3.817473036,0.28,"B50 17oct23 6",14.9,3.6,6.2
"B50 17OCT23 9","BVR",50,"10/17/2023",9,25.3,2433,"B50 17OCT23 9",6.241966385,9.08570618,2.843739795,1.602782454,"B50 17oct23 9",1330,8.5,6.9
"F100 17OCT23 0.1","FCR",100,"10/17/2023",0.1,35.6,94.3,"F100 17oct23 0.1",5.1,6.9,1.8,0.1,"F100 17oct23 0.1",9,19.4,4.3
"F50 17OCT23 0.1","FCR",50,"10/17/2023",0.1,32,656,"F50 17oct23 0.1",5.475177254,9.341452728,3.866275474,0.512996157,"F50 17oct23 0.1",137,7.2,17.3
"F50 17OCT23 1.6","FCR",50,"10/17/2023",1.6,32.5,671,"F50 17oct23 1.6",5.525824088,9.315680166,3.789856077,0.5,"F50 17oct23 1.6",142,6.7,17.9
"F50 17OCT23 3.8","FCR",50,"10/17/2023",3.8,37.8,662,"f50 17OCT23 3.8",5.731990688,9.437177205,3.705186517,0.470096462,"F50 17oct23 3.8",142,6.4,14.4
"F50 17OCT23 5","FCR",50,"10/17/2023",5,31.9,662,"F50 17OCT23 5",5.649033342,9.4057138,3.756680458,0.496687678,"F50 17oct23 5",142,8.5,13.5
"F50 17OCT23 6.2","FCR",50,"10/17/2023",6.2,24,1740,"F50 17oct23 6.2",7.1,9.3,2.1,1.36,"F50 17oct23 6.2",1170,5.9,20
"F50 17OCT23 8","FCR",50,"10/17/2023",8,25.9,1660,"F50 17oct23 8",6.8,8.8,2,1.45,"F50 17oct23 8",1280,2.6,21.1
"F50 17OCT23 9","FCR",50,"10/17/2023",9,25.4,1800,"F50 17oct23 9",7,10.5,3.5,1.5,"F50 17oct23 9",1370,3.1,20.5
"B50 24OCT23 0.1","BVR",50,"10/24/2023",0.1,15.4,283,"B50 24oct23 0.1",3.854528144,7.418327794,3.563799649,0.301283819,"B50 24oct23 0.1",37.1,3,2.6
"B50 24OCT23 3","BVR",50,"10/24/2023",3,19.6,413,"B50 24OCT23 3",4.831447935,8.039085595,3.207637659,0.266010259,"B50 24oct23 3",33.8,5.4,3.7
"B50 24OCT23 6","BVR",50,"10/24/2023",6,18.6,403,"B50 24oct23 6",4.010917267,7.649655111,3.638737844,0.3,"B50 24oct23 6",39.6,3.9,1.8
"B50 24OCT23 9","BVR",50,"10/24/2023",9,21.2,603,"B50 24oct23 9",4.3,7.2,3,0.37,"B50 24oct23 9",173,3.7,3.7
"F50 24OCT23 0.1","FCR",50,"10/24/2023",0.1,32.4,665,"F50 24oct23 0.1",5.345085995,8.929035763,3.583949768,0.492704881,"F50 24oct23 0.1",148,4.1,22.8
"F50 24OCT23 1.6","FCR",50,"10/24/2023",1.6,34.9,678,"F50 24oct23 1.6",5.2,8.8,3.6,0.5,"F50 24oct23 1.6",147,9.1,25.5
"F50 24OCT23 3.8","FCR",50,"10/24/2023",3.8,32.2,672,"F50 24OCT23 3.8",5.806796156,9.45087901,3.644082854,0.484906063,"F50 24oct23 3.8",164,4.6,23.5
"F50 24OCT23 5","FCR",50,"10/24/2023",5,33.1,685,"F50 24oct23 5",4.408936797,7.872153517,3.463216719,0.485088296,"F50 24OCT23 5",161,6.1,24.1
"F50 24OCT23 6.2","FCR",50,"10/24/2023",6.2,31.1,970,"F50 24OCT23 6.2",6.594171662,9.591449382,2.99727772,0.878819411,"F50 24oct23 6.2",579,3.2,23.8
"F50 24OCT23 8","FCR",50,"10/24/2023",8,29.1,1400,"F50 24OCT23 8",6.700372095,9.306330289,2.605958194,1.39,"F50 24oct23 8",1100,2.2,27.6
"F50 24OCT23 9","FCR",50,"10/24/2023",9,33.4,1498,"F50 24OCT23 9",7.265466885,9.302097692,2.036630807,1.67,"F50 24oct23 9",1380,2.6,21.4
"B50 31OCT23 0.1","BVR",50,"10/31/2023",0.1,23.3,427,NA,NA,NA,NA,NA,NA,NA,NA,NA
"B50 31OCT23 3","BVR",50,"10/31/2023",3,18.9,370,"B50 31oct23 3",3.807086809,15.98144112,12.17435431,0.323629807,"B50 31oct23 3",17.2,195,5.5
"B50 31OCT23 6","BVR",50,"10/31/2023",6,16.2,373,"B50 31oct23 6",4.120059967,7.478891323,3.358831355,0.365078976,"B50 31oct23 6",98.7,5.3,3
"B50 31OCT23 9","BVR",50,"10/31/2023",9,32.9,743,"B50 31oct23 9",4.1,7.3,3.2,0.42,"B50 31oct23 9",226,3.2,3.1
"F100 31OCT23 0.1","FCR",100,"10/31/2023",0.1,40.3,120,"F100 31oct23 0.1",5.5,8.5,3,0.11,"F100 31oct23 0.1",11.3,30.3,1.8
"F50 31OCT23 0.1","FCR",50,"10/31/2023",0.1,62.2,830,NA,NA,NA,NA,NA,NA,NA,NA,NA
"F50 31OCT23 1.6","FCR",50,"10/31/2023",1.6,53,718,"F50 31oct23 1.6",4.573160121,8.337726883,3.764566762,0.388943598,"F50 31OCT23 1.6",31.3,9.1,7.2
"F50 31OCT23 3.8","FCR",50,"10/31/2023",3.8,30.1,586,"F50 31oct23 3.8",4.803843936,8.802658976,3.99881504,0.383237187,"F50 31oct23 3.8",53,6.3,20
"F50 31OCT23 5","FCR",50,"10/31/2023",5,26.5,632,"F50 31oct23 5",4.935389852,8.466318653,3.530928801,0.556963458,"F50 31OCT23 5",172,5.6,24.9
"F50 31OCT23 6.2","FCR",50,"10/31/2023",6.2,25.9,1170,"F50 31oct23 6.2",6.424017472,9.050395368,2.626377896,1.106473572,"F50 31oct23 6.2",757,2.4,32.3
"F50 31OCT23 8","FCR",50,"10/31/2023",8,30.5,1440,"F50 31oct23 8",6.039764083,8.632591233,2.59282715,1.34151125,"F50 31oct23 8",807,3.2,25.8
"F50 31oct23 9","FCR",50,"10/31/2023",9,31.2,961,"F50 31oct23 9",5.883662244,8.40278517,2.519122926,1.323904112,"F50 31OCT23 9",983,3.6,26.3
"B50 6NOV23 0.1","BVR",50,"11/6/2023",0.1,20.4,376,"B50 6nov23 0.1",4.016812936,7.820858008,3.804045072,0.331561633,"B50 6nov23 0.1",11.8,6.3,2.6
"B50 6NOV23 3","BVR",50,"11/6/2023",3,23.6,445,"B50 6nov23 3",3.9,7.5,3.6,0.3,"B50 6nov23 3",20.8,5.8,3.9
"B50 6NOV23 6","BVR",50,"11/6/2023",6,24.2,449,"B50 6NOV23 6",4.485712406,7.989353116,3.503640711,0.281755782,"B50 6nov23 6",23.4,5,2
"B50 6NOV23 9","BVR",50,"11/6/2023",9,22.1,396,"B50 6nov23 9",3.930691802,7.476916518,3.546224715,0.28,"B50 6nov23 9",19.5,5.3,3.1
"F50 6NOV23 0.1","FCR",50,"11/6/2023",0.1,43.6,545,"F50 6NOV23 0.1",5.748773966,9.474222826,3.72544886,0.405297579,"F50 6nov23 0.1",59.7,8.4,15.4
"F50 6NOV23 1.6","FCR",50,"11/6/2023",1.6,45.5,642,"F50 6nov23 1.6",5.203637562,8.890982327,3.687344766,0.4061137,"F50 6nov23 1.6",59.8,11.6,13.3
"F50 6NOV23 3.8","FCR",50,"11/6/2023",3.8,39.3,621,"F50 6nov23 3.8",5.2,8.8,3.6,0.45,"F50 6nov23 3.8",104,8,15.2
"F50 6NOV23 5","FCR",50,"11/6/2023",5,37.8,639,"F50 6nov23 5",5.197069024,8.646257391,3.449188367,0.44853954,"F50 6nov23 5",126,8,15.1
"F50 6NOV23 6.2","FCR",50,"11/6/2023",6.2,37.5,650,"F50 6nov23 6.2",5.309465769,8.996914864,3.687449096,0.45720928,"F50 6nov23 6.2",130,6.5,13.9
"F50 6NOV23 8","FCR",50,"11/6/2023",8,32.4,622,"F50 6nov23 8",4.866416056,8.355007991,3.488591934,0.446467064,"F50 6NOV23 8",128,6.6,14.9
"F50 6NOV23 9","FCR",50,"11/6/2023",9,36.2,609,"F50 6nov23 9",5.270231897,8.743396705,3.473164808,0.441270172,"F50 6nov23 9",133,11.9,14.1
"B50 14NOV23 0.1","BVR",50,"11/14/2023",0.1,27.6,579,"B50 14nov23 0.1",3.647409785,8.539000958,4.891591174,0.562039058,"B50 14NOV23 0.1",68.5,9.7,12.2
"B50 14NOV23 6","BVR",50,"11/14/2023",6,30.6,660,"B50 14NOV23 6",4.468449605,8.82313334,4.354683734,0.412124309,"B50 14nov23 6",39,6.7,7.2
"B50 14NOV23 9","BVR",50,"11/14/2023",9,27.7,442,"B50 14nov23 9",4.1,8.1,3.9,0.3,"B50 14nov23 9",24,8.6,4.3
"F100 14NOV23 0.1","FCR",100,"11/14/2023",0.1,53.3,259,"F100 14NOV23 0.1",5.432768815,6.77242982,1.339661006,0.091378094,"F100 14nov23 0.1",6.7,22.5,0.9
"F50 14NOV23 0.1","FCR",50,"11/14/2023",0.1,44.1,585,"F50 14nov23 0.1",5.266618251,8.868870196,3.602251945,0.310648619,"F50 14nov23 0.1",11,9.3,2.2
"F50 14NOV23 1.6","FCR",50,"11/14/2023",1.6,42.6,539,"F50 14nov23 1.6",5.208799913,8.788649439,3.579849526,0.311100792,"F50 14nov23 1.6",7.8,7,3.2
"F50 14NOV23 3","BVR",50,"11/14/2023",3,27,438,"B50 14nov23 3",4.120842167,8.466318653,4.345476487,0.629071982,"B50 14NOV23 3",78.6,8.7,11.8
"F50 14NOV23 3.8","FCR",50,"11/14/2023",3.8,42.6,543,"F50 14nov23 3.8",5.299141066,8.740825527,3.441684461,0.302113849,"F50 14nov23 3.8",5.3,7.5,2.8
"F50 14NOV23 5","FCR",50,"11/14/2023",5,49.2,628,NA,NA,NA,NA,NA,"F50 14nov23 5",9.2,7.9,1.6
"F50 14NOV23 6.2","FCR",50,"11/14/2023",6.2,45.4,586,"F50 14NOV23 6.2",5.895987291,9.608703507,3.712716216,0.312310906,"F50 14nov23 6.2",5.7,5.9,2.1
"F50 14NOV23 8","FCR",50,"11/14/2023",8,47.4,574,"F50 14nov23 8",5.04740873,8.645245083,3.597836353,0.309907635,"F50 14nov23 8",7.5,9.6,1.9
"F50 14NOV23 9","FCR",50,"11/14/2023",9,49.1,600,"F50 14nov23 9",5.288816362,8.753167182,3.464350819,0.341792053,"F50 14nov23 9",9.5,6.4,1.5
"B50 4DEC23 0.1","BVR",50,"12/4/2023",0.1,34.5,537,"B50 4dec23 0.1",3.874580668,7.813127912,3.938547244,0.330029872,"B50 4dec23 0.1",11.1,6.7,2.5
"B50 4DEC23 3","BVR",50,"12/4/2023",3,42.4,465,"B50 4dec23 3",3.723453115,7.949283337,4.225830222,0.38367109,"B50 4dec23 3",21.8,8.1,5.7
"B50 4DEC23 6","BVR",50,"12/4/2023",6,31.9,457,"B50 4dec23 6",3.761792768,7.820858008,4.05906524,0.312570356,"B50 4dec23 6",10.1,3.7,3.3
"B50 4DEC23 9","BVR",50,"12/4/2023",9,28.2,441,"B50 4dec23 9",3.810021325,8.06114337,4.251122045,0.368321783,"B50 4dec23 9",10.7,8.2,3.6
"F100 4DEC23 0.1","FCR",100,"12/4/2023",0.1,40.4,152,"F100 4dec23 0.1",4.036384457,6.424098364,2.387713906,0.135688663,"F100 4DEC23 0.1",6.9,22.9,2.7
"F50 4DEC23 0.1","FCR",50,"12/4/2023",0.1,42.1,550,"F50 4DEC23 0.1",5.560801251,9.173290585,3.612489334,0.317100628,"F50 4dec23 0.1",11.3,4.8,5.4
"F200 4DEC23 0.1","FCR",200,"12/4/2023",0.1,51.3,192,"F200 4dec23 0.1",4.977269452,7.607888466,2.630619014,0.24,"F200 4dec23 0.1",47.1,1.5,10.2
"F50 4DEC23 1.6","FCR",50,"12/4/2023",1.6,47.8,553,"F50 4dec23 1.6",5.387933513,8.605067324,3.217133811,0.297252986,"F50 4dec23 1.6",9.8,4.2,2.8
"F50 4DEC23 3.8","FCR",50,"12/4/2023",3.8,40.4,494,"F50 4dec23 3.8",5.258874723,8.649805823,3.390931099,0.296518204,"F50 4dec23 3.8",8.8,7,4.7
"F50 4DEC23 5","FCR",50,"12/4/2023",5,48.1,613,"F50 4dec23 5",5.186085566,8.689916201,3.503830635,0.30522254,"F50 4dec23 5",7,4.6,2.2
"F50 4DEC23 6.2","FCR",50,"12/4/2023",6.2,46.3,569,"F50 4DEC23 6.2",5.208831932,9.009376396,3.800544464,0.307961618,"F50 4dec23 6.2",7.5,7.5,2.9
"F50 4DEC23 8","FCR",50,"12/4/2023",8,48,588,"F50 4dec23 8",5.088517122,8.543873286,3.455356164,0.303752977,"F50 4dec23 8",7.8,4.3,2.9
"F50 4DEC23 9","FCR",50,"12/4/2023",9,46.4,569,"F50 4DEC23 9",5.636565764,9.354458899,3.717893135,0.321394861,"F50 4dec23 9",9.6,6.3,1.9
"F100.1 10jul23 ISCOb","FCR",100.1,"7/10/2023",0.1,360,2020,NA,NA,NA,NA,NA,NA,NA,NA,NA
"F100.1 12OCT23 ISCOB","FCR",100.1,"10/12/2023",0.1,37.3,200,NA,NA,NA,NA,NA,NA,NA,NA,NA
"F100.1 12SEP23 ISCOB","FCR",100.1,"9/12/2023",0.1,54.2,308,NA,NA,NA,NA,NA,NA,NA,NA,NA
"F100.1 14NOV23 ISCOB","FCR",100.1,"11/14/2023",0.1,37.2,210,NA,NA,NA,NA,NA,NA,NA,NA,NA
"F100.1 14NOV23 ISCOA","FCR",100.1,"11/14/2023",0.1,46.9,313,NA,NA,NA,NA,NA,NA,NA,NA,NA
"F100.1 17JUL23 ISCOB","FCR",100.1,"7/17/2023",0.1,721.6,5511,NA,NA,NA,NA,NA,NA,NA,NA,NA
"F100.1 17OCT23 ISCOA","FCR",100.1,"10/17/2023",0.1,50,311,NA,NA,NA,NA,NA,NA,NA,NA,NA
"F100.1 17SEP23 ISCOA","FCR",100.1,"9/17/2023",0.1,503.8,3982,NA,NA,NA,NA,NA,NA,NA,NA,NA
"F100.1 1AUG22 ISCOB","FCR",100.1,"8/1/2022",0.1,417,2178,NA,NA,NA,NA,NA,NA,NA,NA,NA
"F100.1 24JUL23 ISCOA","FCR",100.1,"7/24/2023",0.1,544.5,3333,NA,NA,NA,NA,NA,NA,NA,NA,NA
"F100.1 24JUL23 ISCOB","FCR",100.1,"7/24/2023",0.1,409.2,2728,NA,NA,NA,NA,NA,NA,NA,NA,NA
"F100.1 26jun23 iscoA","FCR",100.1,"6/26/2023",0.1,194.2,1952,NA,NA,NA,NA,NA,NA,NA,NA,NA
"F100.1 26jun23 iscoB","FCR",100.1,"6/26/2023",0.1,181,978,NA,NA,NA,NA,NA,NA,NA,NA,NA
"F100.1 29aug23 ISCOB","FCR",100.1,"8/29/2023",0.1,104,642,NA,NA,NA,NA,NA,NA,NA,NA,NA
"F100.1 29aug23 iscoA","FCR",100.1,"8/29/2023",0.1,101,559,NA,NA,NA,NA,NA,NA,NA,NA,NA
"F100.1 31JUL23 ISCOB","FCR",100.1,"7/31/2023",0.1,1029.6,6017,NA,NA,NA,NA,NA,NA,NA,NA,NA
"F100.1 31JUL23 ISCOA","FCR",100.1,"7/31/2023",0.1,904.2,5368,NA,NA,NA,NA,NA,NA,NA,NA,NA
"F100.1 31OCT23 ISCOB","FCR",100.1,"10/31/2023",0.1,37.2,206,NA,NA,NA,NA,NA,NA,NA,NA,NA
"F100.1 31OCT23 ISCOA","FCR",100.1,"10/31/2023",0.1,45.3,245,NA,NA,NA,NA,NA,NA,NA,NA,NA
"F100.1 3jul23 ISCOB","FCR",100.1,"7/3/2023",0.1,593,2847,NA,NA,NA,NA,NA,NA,NA,NA,NA
"F100.1 3jul23 ISCOA","FCR",100.1,"7/3/2023",0.1,380,1930,NA,NA,NA,NA,NA,NA,NA,NA,NA
"F100.1 3OCT23 ISCOA","FCR",100.1,"10/3/2023",0.1,55,289,NA,NA,NA,NA,NA,NA,NA,NA,NA
"F100.1 3OCT23 ISCOB","FCR",100.1,"10/3/2023",0.1,65.4,377,NA,NA,NA,NA,NA,NA,NA,NA,NA
"F100.1 4DEC23 ISCOA","FCR",100.1,"12/4/2023",0.1,24.3,223,NA,NA,NA,NA,NA,NA,NA,NA,NA
"F100.1 4DEC23 ISOCB","FCR",100.1,"12/4/2023",0.1,24.8,198,NA,NA,NA,NA,NA,NA,NA,NA,NA
"F100.1 5JUN23 ISCOA","FCR",100.1,"6/5/2023",0.1,138,796,NA,NA,NA,NA,NA,NA,NA,NA,NA
"F100.1 5JUN23 ISCOB","FCR",100.1,"6/5/2023",0.1,99.1,561,NA,NA,NA,NA,NA,NA,NA,NA,NA
"F100.1 7AUG23 ISCOA","FCR",100.1,"8/7/2023",0.1,442.2,3080,NA,NA,NA,NA,NA,NA,NA,NA,NA
"F100.1 7AUG23 ISCOB","FCR",100.1,"8/7/2023",0.1,645.7,4015,NA,NA,NA,NA,NA,NA,NA,NA,NA
"F100.1 8MAY23 ISCOB","FCR",100.1,"5/8/2023",0.1,112,634,NA,NA,NA,NA,NA,NA,NA,NA,NA
NA,"FCR",50,"5/2/2022",1.6,NA,NA,"F 2MAY22 1.6",4.370206924,16.10694604,11.73673912,0.349143285,"f 02may22 1.6",9.6,7.4,1.2
NA,"FCR",50,"5/23/2022",8,NA,NA,"F50 23MAY22 8",4.544626407,9.43587128,4.891244874,0.453350047,NA,NA,NA,NA
NA,"CCR",50,"6/30/2022",21,NA,NA,"C50 30JUN22 21",11.15568584,14.4483495,3.29266366,0.592967591,"c50 30jun22 21.0",257,25.3,25.9
NA,"FCR",100,"7/5/2022",0.1,NA,NA,"F100 5JUL22 0.1",4.695261415,6.649173876,1.953912461,0.669837988,"f100 05jul22 0.1",19.9,16.8,528
NA,"CCR",50,"8/19/2022",20,NA,NA,"C50 19AUG22 20",12.48097345,15.05487889,2.573905441,0.84083983,"c50 19aug22 30.0",639,3.1,5.9
NA,"BVR",50,"8/22/2022",3,NA,NA,"B50 22AUG22 3",3.281540447,7.73446389,4.452923443,0.35,NA,NA,NA,NA
NA,"BVR",50,"9/19/2022",6,NA,NA,"B50 19SEP22 6",6.309632651,9.308896971,2.999264319,2.065190529,NA,NA,NA,NA
NA,"BVR",50,"10/11/2022",7,NA,NA,"B50 11OCT22 7",5.452304221,8.486394153,3.034089933,1.87,"b50 11oct22 7.0",1460,10.3,6
NA,"CCR",50,"11/17/2022",21,NA,NA,"C50 17NOV22 21",13.76507453,16.47905851,2.713983984,0.326031734,"c50 17nov22 21.0",41.4,3.3,141
NA,"CCR",300,"6/30/2023",0.1,NA,NA,"C300 30jun23 0.1",2.499723357,4.194835499,1.695112142,0.166784005,"C300 30JUN23 SMB STREAM 0.1",8.5,66.9,54.7
NA,"FCR",50,"5/23/2022",5,NA,NA,NA,NA,NA,NA,NA,"f50 23may22 5.0",92.3,14.2,4.2
NA,"FCR",100,"9/18/2023",0.1,NA,NA,NA,NA,NA,NA,NA,"f100 18sep23 0.1",16.6,19.4,20.1
