"Reservoir","Site","DateTime","Depth_m","Rep","CH4_umolL","CO2_umolL","Flag_DateTime","Flag_CH4_umolL","Flag_CO2_umolL"
"FCR",100,2023-02-03 10:20:00,0.1,1,NA,NA,0,1,1
"FCR",100,2023-02-03 10:20:00,0.1,2,NA,NA,0,1,1
"FCR",50,2023-02-03 12:30:00,0.1,1,NA,NA,0,1,1
"FCR",50,2023-02-03 12:30:00,0.1,2,NA,NA,0,1,1
"FCR",50,2023-02-03 12:37:00,1.6,1,NA,NA,0,1,1
"FCR",50,2023-02-03 12:37:00,1.6,2,NA,NA,0,1,1
"FCR",50,2023-02-03 12:43:00,3.8,1,NA,NA,0,1,1
"FCR",50,2023-02-03 12:43:00,3.8,2,NA,NA,0,1,1
"FCR",50,2023-02-03 12:48:00,5,1,NA,NA,0,1,1
"FCR",50,2023-02-03 12:48:00,5,2,NA,NA,0,1,1
"FCR",50,2023-02-03 12:53:00,6.2,1,NA,NA,0,1,1
"FCR",50,2023-02-03 12:53:00,6.2,2,NA,NA,0,1,1
"FCR",50,2023-02-03 12:58:00,8,1,NA,NA,0,1,1
"FCR",50,2023-02-03 12:58:00,8,2,NA,NA,0,1,1
"FCR",50,2023-02-03 13:02:00,9,1,NA,NA,0,1,1
"FCR",50,2023-02-03 13:02:00,9,2,NA,NA,0,1,1
"BVR",50,2023-03-21 10:55:00,0.1,1,0.0493581851069809,20.2585063974554,0,0,0
"BVR",50,2023-03-21 10:55:00,0.1,2,0.0404864272784341,24.0214789098934,0,0,0
"BVR",50,2023-03-21 11:35:00,3,1,0.0361434210928867,19.5663209363568,0,0,0
"BVR",50,2023-03-21 11:35:00,3,2,0.0330631415249416,23.2004571049168,0,0,0
"BVR",50,2023-03-21 11:46:00,6,1,0.0407219151547663,20.2846211693218,0,0,0
"BVR",50,2023-03-21 11:46:00,6,2,0.0459466710994842,22.4768510868333,0,0,0
"BVR",50,2023-03-21 11:58:00,9,1,0.0775898486697067,29.8875004060077,0,0,0
"BVR",50,2023-03-21 11:58:00,9,2,0.105748096197425,25.8575829047272,0,0,0
"FCR",50,2023-04-04 10:53:00,0.1,1,0.237541066947593,35.9850969849372,0,0,0
"FCR",50,2023-04-04 10:53:00,0.1,2,0.245716597219231,41.6498051040748,0,0,0
"FCR",50,2023-04-04 11:03:00,1.6,1,0.253070657582277,41.0248856632438,0,0,0
"FCR",50,2023-04-04 11:03:00,1.6,2,0.281572973548061,34.1673058594188,0,0,0
"FCR",50,2023-04-04 11:13:00,3.8,1,0.119258810328201,50.215481020621,0,0,0
"FCR",50,2023-04-04 11:13:00,3.8,2,0.1541683046591,48.2734951010961,0,0,0
"FCR",50,2023-04-04 11:27:00,5,1,0.174683978731808,59.3739822484107,0,0,0
"FCR",50,2023-04-04 11:27:00,5,2,0.213883397151336,68.8136299391665,0,0,0
"FCR",50,2023-04-04 11:39:00,6.2,1,0.0678103691849739,95.4833754723506,0,0,0
"FCR",50,2023-04-04 11:39:00,6.2,2,0.0631187911544287,90.2831298371393,0,0,0
"FCR",50,2023-04-04 11:43:00,8,1,0.0534754222152348,95.4402144308482,0,0,0
"FCR",50,2023-04-04 11:43:00,8,2,0.0515686199734049,102.343029813341,0,0,0
"FCR",50,2023-04-04 11:50:00,9,1,0.0656234954639838,89.9923444087106,0,0,0
"FCR",50,2023-04-04 11:50:00,9,2,0.0783777681129925,87.0877206498924,0,0,0
"FCR",1.1,2023-04-04 12:00:00,0.1,1,1.5246046526745,532.655926110524,0,0,0
"FCR",1.1,2023-04-04 12:00:00,0.1,2,1.65375835255072,526.90413198135,0,0,0
"FCR",100,2023-04-04 13:20:00,0.1,1,0.12033202293167,54.7631851062675,0,0,0
"FCR",100,2023-04-04 13:20:00,0.1,2,0.118854391234774,46.1575580084989,0,0,0
"FCR",100,2023-04-04 13:39:00,0.1,1,2.19446067862118,99.9471429978392,0,0,0
"FCR",100,2023-04-04 13:39:00,0.1,2,2.22107901737254,98.3847466210802,0,0,0
"BVR",50,2023-04-12 11:30:00,0.1,1,0.0885894137293937,12.8465548712324,0,0,0
"BVR",50,2023-04-12 11:30:00,0.1,2,0.0803266331847808,16.1099964631369,0,0,0
"BVR",50,2023-04-12 11:48:00,3,1,0.103843302786957,14.3620281008031,0,0,0
"BVR",50,2023-04-12 11:48:00,3,2,0.085966051389223,10.5480448315417,0,0,0
"BVR",1.3,2023-04-12 12:00:00,0.1,1,1.63802948186312,14.2580038278641,1,0,0
"BVR",1.1,2023-04-12 12:00:00,0.1,1,0.0114603028781211,105.771292914466,1,0,0
"BVR",1.3,2023-04-12 12:00:00,0.1,2,1.70193516251521,10.6327466885079,1,0,0
"BVR",1.1,2023-04-12 12:00:00,0.1,2,0.0125414815391985,107.571305508726,1,0,0
"BVR",50,2023-04-12 12:06:00,6,1,0.157724698415327,34.2762421973586,0,0,0
"BVR",50,2023-04-12 12:06:00,6,2,0.175196037255483,38.8451906368376,0,0,0
"BVR",50,2023-04-12 12:23:00,9,1,0.767847443870891,127.96571584525,0,0,0
"BVR",50,2023-04-12 12:23:00,9,2,0.79814415634129,123.48229451516,0,0,0
"FCR",50,2023-04-18 10:04:00,0.1,1,0.750824311026677,36.4285357383017,0,0,0
"FCR",50,2023-04-18 10:04:00,0.1,2,0.844343812366501,33.4378898101615,0,0,0
"FCR",50,2023-04-18 10:27:00,1.6,1,0.580538405767579,40.3480852844455,0,0,0
"FCR",50,2023-04-18 10:27:00,1.6,2,0.61193134926288,31.3940094048983,0,0,0
"FCR",50,2023-04-18 10:43:00,3.8,1,0.678869261048402,32.8661099972468,0,0,0
"FCR",50,2023-04-18 10:43:00,3.8,2,0.643373763572349,37.434915969205,0,0,0
"FCR",50,2023-04-18 11:06:00,5,1,0.203712614969952,125.761022963817,0,0,0
"FCR",50,2023-04-18 11:06:00,5,2,0.192777452425581,137.768163965486,0,0,0
"FCR",50,2023-04-18 11:18:00,6.2,1,0.13696738290621,156.354249860858,0,0,0
"FCR",50,2023-04-18 11:18:00,6.2,2,0.130564541959172,157.950204565793,0,0,0
"FCR",50,2023-04-18 11:38:00,8,1,0.131779891993906,155.095222567712,0,0,0
"FCR",50,2023-04-18 11:38:00,8,2,0.136577994583812,161.261036628186,0,0,0
"FCR",50,2023-04-18 11:46:00,9,1,0.152456741357275,164.393039498167,0,0,0
"FCR",50,2023-04-18 11:46:00,9,2,0.147196845025857,151.924974760684,0,0,0
"FCR",1.1,2023-04-18 12:09:00,0.1,1,1.68411855710329,473.997095526605,0,0,0
"FCR",1.1,2023-04-18 12:09:00,0.1,2,1.66983781607796,476.503383478872,0,0,0
"FCR",100,2023-04-18 13:50:00,0.1,1,0.108640021398101,42.5088712723348,0,4,0
"FCR",100,2023-04-18 13:50:00,0.1,2,0.217784510793779,50.3484662557613,0,4,0
"BVR",50,2023-04-24 10:16:00,0.1,1,0.196642838390866,18.9148024579771,0,0,0
"BVR",50,2023-04-24 10:16:00,0.1,2,0.224157956015967,22.0011068635068,0,0,0
"BVR",50,2023-04-24 10:30:00,3,1,0.232075611605751,18.5872349266416,0,0,0
"BVR",50,2023-04-24 10:30:00,3,2,0.244127932351063,22.5266938487147,0,0,0
"BVR",50,2023-04-24 10:46:00,6,1,0.231293244826966,16.0737854640171,0,0,0
"BVR",50,2023-04-24 10:46:00,6,2,0.27343482972359,16.8712916357559,0,0,0
"BVR",50,2023-04-24 10:55:00,9,1,0.0237640446771134,239.391781414867,0,0,0
"BVR",50,2023-04-24 10:55:00,9,2,0.0173875122119274,237.48937334258,0,0,0
"BVR",1.1,2023-04-24 11:58:00,0.1,1,0.0114716635900923,84.3931782990088,0,0,0
"BVR",1.1,2023-04-24 11:58:00,0.1,2,0.0125073394707663,97.3205230101397,0,0,0
"BVR",1.3,2023-04-24 12:01:00,0.1,1,2.04428769077632,24.3457574261787,0,0,0
"BVR",1.3,2023-04-24 12:01:00,0.1,2,2.26440434268803,23.3916337978601,0,0,0
"FCR",50,2023-05-01 10:00:00,0.1,1,0.731061130415473,26.4484388549701,0,0,0
"FCR",50,2023-05-01 10:00:00,0.1,2,0.751572083820452,32.9469522350077,0,0,0
"FCR",50,2023-05-01 10:08:00,1.6,1,0.863295966095192,35.3104368125267,0,0,0
"FCR",50,2023-05-01 10:08:00,1.6,2,0.936966637694338,36.0126011553907,0,0,0
"FCR",50,2023-05-01 10:15:00,3.8,1,0.241172918880646,78.9002881092478,0,0,0
"FCR",50,2023-05-01 10:15:00,3.8,2,0.24346513890896,74.0252622917847,0,0,0
"FCR",50,2023-05-01 10:21:00,5,1,0.254037505488291,112.032866195492,0,0,0
"FCR",50,2023-05-01 10:21:00,5,2,0.268565350014066,118.807461018552,0,0,0
"BVR",50,2023-05-01 10:22:00,0.1,1,0.231640498516728,28.9960330819511,0,0,0
"BVR",50,2023-05-01 10:22:00,0.1,2,0.242371511577186,27.1294330313279,0,0,0
"FCR",50,2023-05-01 10:27:00,6.2,1,0.085087042578223,194.471887257713,0,0,0
"FCR",50,2023-05-01 10:27:00,6.2,2,0.0678880151660134,192.296176701189,0,0,0
"FCR",50,2023-05-01 10:38:00,8,1,0.0938327318635563,212.59429197388,0,0,0
"FCR",50,2023-05-01 10:38:00,8,2,0.102325395859156,194.639100030766,0,0,0
"FCR",50,2023-05-01 10:42:00,9,1,0.051189269544736,199.279061001016,0,0,0
"FCR",50,2023-05-01 10:42:00,9,2,0.0588682664860559,188.661967491467,0,0,0
"BVR",50,2023-05-01 10:44:00,3,1,0.159295041574526,22.7824794061668,0,3,0
"BVR",50,2023-05-01 10:44:00,3,2,0.230246069632292,30.9539902782388,0,3,0
"FCR",1.1,2023-05-01 11:00:00,0.1,1,1.65891008648277,481.690276353609,0,0,0
"FCR",1.1,2023-05-01 11:00:00,0.1,2,1.58091119094097,453.289149956651,0,0,0
"BVR",50,2023-05-01 11:09:00,6,1,0.156416497282231,60.1036375168173,0,0,0
"BVR",50,2023-05-01 11:09:00,6,2,0.156793302980205,58.4259373666539,0,0,0
"BVR",50,2023-05-01 11:24:00,9,1,0.0114656864056222,251.600769222197,0,0,0
"BVR",50,2023-05-01 11:24:00,9,2,0.0111013131354947,253.585425811162,0,0,0
"FCR",100,2023-05-01 12:10:00,0.1,1,0.223661914895189,47.7241604941722,0,0,0
"FCR",100,2023-05-01 12:10:00,0.1,2,0.231295652518098,43.6298356876057,0,0,0
"FCR",100,2023-05-08 10:10:00,0.1,1,0.112648674961109,55.8274276099688,0,0,0
"FCR",100,2023-05-08 10:10:00,0.1,2,0.114448968659193,57.6510314190027,0,0,0
"BVR",50,2023-05-08 10:44:00,0.1,1,0.169489458672418,22.5673765890396,0,0,0
"BVR",50,2023-05-08 10:44:00,0.1,2,0.191668040164939,27.9910094441117,0,0,0
"BVR",50,2023-05-08 11:05:00,3,1,0.20964030814459,23.0710098956919,0,0,0
"BVR",50,2023-05-08 11:05:00,3,2,0.232154456591936,23.2176089712308,0,0,0
"BVR",50,2023-05-08 11:15:00,6,1,0.313121642520748,118.619781956201,0,0,0
"BVR",50,2023-05-08 11:15:00,6,2,0.352238451738484,120.263157217477,0,0,0
"BVR",50,2023-05-08 11:25:00,9,1,4.15898868454295,347.362405334776,0,3,0
"BVR",50,2023-05-08 11:25:00,9,2,2.71749090489349,317.840608321787,0,3,0
"BVR",1.1,2023-05-08 12:12:00,0.1,1,0.0113744434206787,94.849137897408,0,0,0
"BVR",1.1,2023-05-08 12:12:00,0.1,2,0.0112944458863858,95.0015300879357,0,0,0
"BVR",1.3,2023-05-08 12:20:00,0.1,1,1.91937516571215,33.7961523821467,0,0,0
"BVR",1.3,2023-05-08 12:20:00,0.1,2,2.11252785779936,35.8152661111351,0,0,0
"FCR",50,2023-05-08 13:05:00,0.1,1,0.307338227806492,18.5904023508495,0,0,0
"FCR",50,2023-05-08 13:05:00,0.1,2,0.347894081044659,27.0501348176678,0,0,0
"FCR",50,2023-05-08 13:16:00,1.6,1,0.429788501175423,25.4596174756977,0,0,0
"FCR",50,2023-05-08 13:16:00,1.6,2,0.440982722840436,20.7492183024688,0,0,0
"FCR",50,2023-05-08 13:22:00,3.8,1,0.119894666534133,91.6209785121158,0,0,0
"FCR",50,2023-05-08 13:22:00,3.8,2,0.144344585321508,93.6294567123122,0,0,0
"FCR",50,2023-05-08 13:31:00,5,1,0.0659744849693921,171.228199694132,0,0,0
"FCR",50,2023-05-08 13:31:00,5,2,0.090034682259385,197.721248513948,0,0,0
"FCR",50,2023-05-08 13:37:00,6.2,1,0.0663684123843009,229.895203868106,0,0,0
"FCR",50,2023-05-08 13:37:00,6.2,2,0.0610055181568469,239.65958975619,0,0,0
"FCR",50,2023-05-08 13:45:00,8,1,0.0447529182933575,256.011641216579,0,0,0
"FCR",50,2023-05-08 13:45:00,8,2,0.0402264987114874,260.738439888874,0,0,0
"FCR",50,2023-05-08 13:50:00,9,1,0.0551656095840259,249.576098948544,0,0,0
"FCR",50,2023-05-08 13:50:00,9,2,0.0355191224564012,250.002617042175,0,0,0
"FCR",1.1,2023-05-08 14:00:00,0.1,1,1.60962180650697,517.635883675792,0,0,0
"FCR",1.1,2023-05-08 14:00:00,0.1,2,1.65191483109611,458.730421187167,0,0,0
"FCR",50,2023-05-16 10:20:00,0.1,1,0.887853204513042,2.75625413099779,0,0,2
"FCR",50,2023-05-16 10:20:00,0.1,2,0.821010130459273,2.69144669576123,0,0,2
"FCR",50,2023-05-16 10:38:00,1.6,1,0.777298215848384,2.04972211325341,0,0,2
"FCR",50,2023-05-16 10:38:00,1.6,2,0.929686895644895,1.88763282535629,0,0,2
"FCR",50,2023-05-16 11:07:00,3.8,1,0.0891240145928495,121.75930121443,0,3,0
"FCR",50,2023-05-16 11:07:00,3.8,2,0.128220098251752,132.266256226504,0,3,0
"FCR",50,2023-05-16 11:27:00,5,1,0.0627582983359406,173.833418195956,0,4,0
"FCR",50,2023-05-16 11:27:00,5,2,0.109722555243037,189.480349723,0,4,0
"FCR",50,2023-05-16 11:50:00,6.2,1,0.108779285146668,260.429184260333,0,0,0
"FCR",50,2023-05-16 11:50:00,6.2,2,0.0888011869175598,272.378495882106,0,0,0
"FCR",1.1,2023-05-16 12:00:00,0.1,1,1.37742128694782,512.708531757663,1,0,0
"FCR",1.1,2023-05-16 12:00:00,0.1,2,1.53239990280748,513.547431627186,1,0,0
"FCR",50,2023-05-16 12:00:00,8,1,0.0330320077111999,320.244204436165,0,0,0
"FCR",50,2023-05-16 12:00:00,8,2,0.0389412402830464,328.458140690291,0,0,0
"FCR",50,2023-05-16 12:08:00,9,1,0.023346851741831,296.863801131839,0,0,0
"FCR",50,2023-05-16 12:08:00,9,2,0.0240136697583537,290.120157157132,0,0,0
"FCR",100,2023-05-16 12:58:00,0.1,1,0.296737259129559,56.8579556712792,0,0,0
"FCR",100,2023-05-16 12:58:00,0.1,2,0.317468413870746,56.3684551793898,0,0,0
"FCR",50,2023-05-22 09:52:00,0.1,1,0.732019450677278,3.53851682934187,0,3,2
"FCR",50,2023-05-22 09:52:00,0.1,2,0.494859924452878,4.89715284946458,0,3,2
"FCR",50,2023-05-22 10:05:00,1.6,1,0.480102479305916,2.51230630005254,0,0,2
"FCR",50,2023-05-22 10:05:00,1.6,2,0.506293554257458,6.14381344233854,0,0,2
"BVR",50,2023-05-22 10:20:00,0.1,1,0.499978112994546,24.2136287551237,0,0,0
"BVR",50,2023-05-22 10:20:00,0.1,2,0.542264807774898,25.4721824236134,0,0,0
"FCR",50,2023-05-22 10:20:00,3.8,1,0.0901406093915873,167.43239070183,0,0,0
"FCR",50,2023-05-22 10:20:00,3.8,2,0.106610331545481,163.339985978034,0,0,0
"BVR",50,2023-05-22 10:30:00,3,1,0.450312786844319,21.4285990884721,0,0,0
"BVR",50,2023-05-22 10:30:00,3,2,0.465862383363613,18.6454983192821,0,0,0
"FCR",50,2023-05-22 10:30:00,5,1,0.044984173522199,269.624248384586,0,0,0
"FCR",50,2023-05-22 10:30:00,5,2,0.0598023981374904,281.255239931626,0,0,0
"FCR",50,2023-05-22 10:36:00,6.2,1,0.0175157940120329,326.431034778088,0,0,0
"FCR",50,2023-05-22 10:36:00,6.2,2,0.0129517501159751,382.414793548579,0,0,0
"BVR",50,2023-05-22 10:42:00,6,1,0.474307758114531,101.493207099349,0,0,0
"BVR",50,2023-05-22 10:42:00,6,2,0.512879244966216,104.138215347846,0,0,0
"FCR",50,2023-05-22 10:45:00,8,1,0.0236676983721372,304.679289267071,0,0,0
"FCR",50,2023-05-22 10:45:00,8,2,0.0179349915210937,402.825078986825,0,0,0
"BVR",50,2023-05-22 10:55:00,9,1,41.1067909297163,316.106564917967,0,0,0
"BVR",50,2023-05-22 10:55:00,9,2,46.5234030703095,287.022368571792,0,0,0
"FCR",50,2023-05-22 10:57:00,9,1,0.0152355883101531,361.924259400717,0,0,0
"FCR",50,2023-05-22 10:57:00,9,2,0.0176567512344251,366.996846562634,0,0,0
"BVR",1.3,2023-05-22 12:02:00,0.1,1,3.07813834247008,31.0309102511785,0,4,4
"BVR",1.3,2023-05-22 12:02:00,0.1,2,NA,NA,0,1,1
"FCR",100,2023-05-22 12:06:00,0.1,1,0.876099517392802,55.5945758425272,0,0,0
"FCR",100,2023-05-22 12:06:00,0.1,2,0.943359378990182,63.4139387049124,0,0,0
"FCR",1.1,2023-05-22 12:25:00,0.1,1,1.59523667833617,563.781941390955,0,0,0
"FCR",1.1,2023-05-22 12:25:00,0.1,2,1.43521653575423,526.156145716035,0,0,0
"BVR",50,2023-05-29 10:14:00,0.1,1,0.41194576642805,18.8568384962352,0,0,0
"BVR",50,2023-05-29 10:14:00,0.1,2,0.50804993921953,22.0594378150354,0,0,0
"BVR",50,2023-05-29 10:21:00,3,1,0.417566672253465,25.0624754319547,0,0,0
"BVR",50,2023-05-29 10:21:00,3,2,0.527807854200609,25.9913748078256,0,0,0
"FCR",100,2023-05-29 10:23:00,0.1,1,0.0162883815034095,87.0835289579473,0,0,0
"FCR",100,2023-05-29 10:23:00,0.1,2,0.0118319782785646,83.9865887057173,0,0,0
"BVR",50,2023-05-29 10:28:00,6,1,0.344736692152294,125.68287435846,0,0,0
"BVR",50,2023-05-29 10:28:00,6,2,0.419185326951124,93.4262677106021,0,0,0
"BVR",50,2023-05-29 10:35:00,9,1,72.6977967294029,349.984061776085,0,0,0
"BVR",50,2023-05-29 10:35:00,9,2,74.0109966861492,288.757152635782,0,0,0
"FCR",50,2023-05-29 11:02:00,0.1,1,0.331023575202625,0,0,0,2
"FCR",50,2023-05-29 11:02:00,0.1,2,0.327735405325003,0.588914117532254,0,0,2
"FCR",50,2023-05-29 11:10:00,1.6,1,0.362975025907607,0,0,0,6
"FCR",50,2023-05-29 11:10:00,1.6,2,0.322832491697876,0,0,0,6
"BVR",1.3,2023-05-29 11:11:00,0.1,1,4.75460593940186,37.3355952588193,0,0,0
"BVR",1.3,2023-05-29 11:11:00,0.1,2,5.28184126414298,49.2969103276772,0,0,0
"FCR",50,2023-05-29 11:23:00,3.8,1,0.0772599030381119,203.11077388218,0,4,0
"FCR",50,2023-05-29 11:23:00,3.8,2,0.0325566272023195,227.086886244444,0,4,0
"FCR",50,2023-05-29 11:33:00,5,1,0.128966526850139,156.714380684801,0,0,0
"FCR",50,2023-05-29 11:33:00,5,2,0.141018218847041,149.173043774023,0,0,0
"FCR",50,2023-05-29 11:44:00,6.2,1,0.0269737483188492,421.140907710993,0,0,0
"FCR",50,2023-05-29 11:44:00,6.2,2,0.0413435167610433,358.862919141237,0,0,0
"FCR",50,2023-05-29 11:50:00,8,1,0.0493760937490737,409.315923838652,0,0,0
"FCR",50,2023-05-29 11:50:00,8,2,0.0534137167196492,452.794148226507,0,0,0
"FCR",1.1,2023-05-29 12:00:00,0.1,1,0.978569400008091,287.397555399538,1,0,0
"FCR",1.1,2023-05-29 12:00:00,0.1,2,1.10777348668241,305.580838095274,1,0,0
"FCR",50,2023-05-29 12:02:00,9,1,0.205903379331094,419.550380978441,0,0,0
"FCR",50,2023-05-29 12:02:00,9,2,0.199285073529347,448.15321618236,0,0,0
"FCR",100,2023-06-05 10:15:00,0.1,1,0.414662021162243,43.1877418439506,0,0,0
"FCR",100,2023-06-05 10:15:00,0.1,2,0.499367850325523,42.4236210613864,0,0,0
"BVR",50,2023-06-05 11:44:00,0.1,1,0.291262372886663,25.2296859447539,0,0,0
"BVR",50,2023-06-05 11:44:00,0.1,2,0.340155274756477,28.1756353512632,0,0,0
"BVR",50,2023-06-05 11:57:00,3,1,0.435086936826026,26.6395405821934,0,0,0
"BVR",50,2023-06-05 11:57:00,3,2,0.51235066260915,28.7425511474952,0,0,0
"FCR",1.1,2023-06-05 12:00:00,0.1,1,2.0303436967488,574.058695012082,1,0,0
"FCR",1.1,2023-06-05 12:00:00,0.1,2,1.86011037036891,533.941283130601,1,0,0
"BVR",50,2023-06-05 12:07:00,6,1,0.456340829931846,170.721994448036,0,0,0
"BVR",50,2023-06-05 12:07:00,6,2,0.565192173673731,167.113234509457,0,0,0
"BVR",50,2023-06-05 12:19:00,9,1,0,350.589380855327,0,4,4
"BVR",50,2023-06-05 12:19:00,9,2,0,353.914644020622,0,4,4
"BVR",1.3,2023-06-05 13:26:00,0.1,1,3.57674993219832,43.8316012293678,0,0,0
"BVR",1.3,2023-06-05 13:26:00,0.1,2,3.66149591301848,47.0786113879135,0,0,0
"FCR",50,2023-06-05 14:32:00,0.1,1,0.329703140315555,0,0,3,6
"FCR",50,2023-06-05 14:32:00,0.1,2,0.448807666839117,0,0,3,6
"FCR",50,2023-06-05 14:33:00,1.6,1,0.390500456566923,0,0,0,6
"FCR",50,2023-06-05 14:33:00,1.6,2,0.400545069167174,0,0,0,6
"FCR",50,2023-06-05 14:39:00,3.8,1,0.074730140977333,139.717153501115,0,3,0
"FCR",50,2023-06-05 14:39:00,3.8,2,0.111942837079342,122.467436491249,0,3,0
"FCR",50,2023-06-05 14:45:00,5,1,0.0137772331901795,350.479817770518,0,0,0
"FCR",50,2023-06-05 14:45:00,5,2,0.0181790157501267,371.008701268302,0,0,0
"FCR",50,2023-06-05 14:51:00,6.2,1,0.012119116456612,426.00615862742,0,0,0
"FCR",50,2023-06-05 14:51:00,6.2,2,0.0113641628497837,410.593342190996,0,0,0
"FCR",50,2023-06-05 14:52:00,8,1,0.0129706398602881,414.756035653578,0,0,0
"FCR",50,2023-06-05 14:52:00,8,2,0.0117816729061892,417.980211309908,0,0,0
"FCR",50,2023-06-05 15:00:00,9,1,0.0117527772547292,448.980103486287,0,0,0
"FCR",50,2023-06-05 15:00:00,9,2,0.0114635350922501,410.882447596737,0,0,0
"FCR",50,2023-06-14 10:10:00,0.1,1,0.192144387092418,0.939714791635452,0,0,2
"FCR",50,2023-06-14 10:10:00,0.1,2,0.202253573673341,0.585697198770469,0,0,2
"FCR",50,2023-06-14 10:34:00,1.6,1,0.187186322629577,0,0,0,6
"FCR",50,2023-06-14 10:34:00,1.6,2,0.196750051212286,0,0,0,6
"BVR",50,2023-06-14 10:48:00,0.1,1,0.316496850163502,22.7274692454625,0,0,0
"BVR",50,2023-06-14 10:48:00,0.1,2,0.336216521865548,26.1551032209662,0,0,0
"FCR",50,2023-06-14 10:48:00,3.8,1,0.0113002408107938,118.15966043113,0,0,0
"FCR",50,2023-06-14 10:48:00,3.8,2,0.0115980542883609,106.221156298918,0,0,0
"BVR",50,2023-06-14 10:54:00,3,1,0.289782631417684,19.0126425454477,0,0,0
"BVR",50,2023-06-14 10:54:00,3,2,0.31912772145769,21.2145417130828,0,0,0
"FCR",50,2023-06-14 11:01:00,5,1,0.0270556695156706,417.754945000394,0,0,0
"FCR",50,2023-06-14 11:01:00,5,2,0.0280875294428633,419.823269240528,0,0,0
"BVR",50,2023-06-14 11:04:00,6,1,0.332350300248168,221.012367131434,0,0,0
"BVR",50,2023-06-14 11:04:00,6,2,0.340142074883241,205.429080345193,0,0,0
"BVR",50,2023-06-14 11:14:00,9,1,35.3370659307505,260.280523011261,0,3,0
"BVR",50,2023-06-14 11:14:00,9,2,48.0226189551663,269.977051825745,0,3,0
"FCR",50,2023-06-14 11:14:00,6.2,1,0.0241320812540275,448.418202729821,0,0,0
"FCR",50,2023-06-14 11:14:00,6.2,2,0.0259036615936581,467.319422843456,0,0,0
"FCR",50,2023-06-14 11:26:00,8,1,0.0224524247591122,514.956113150172,0,0,0
"FCR",50,2023-06-14 11:26:00,8,2,0.0203020161961366,507.873292964406,0,0,0
"FCR",50,2023-06-14 11:39:00,9,1,0.0228783005039374,477.548850641442,0,0,0
"FCR",50,2023-06-14 11:39:00,9,2,0.02632572449011,488.7903278827,0,0,0
"FCR",1.1,2023-06-14 12:05:00,0.1,1,1.44563337906033,501.499637128591,0,0,0
"FCR",1.1,2023-06-14 12:05:00,0.1,2,1.31345952186672,495.982097638411,0,0,0
"BVR",1.3,2023-06-14 13:13:00,0.1,1,3.54579521863006,35.4061669337825,0,0,0
"BVR",1.3,2023-06-14 13:13:00,0.1,2,4.16224482025745,34.5546731827303,0,0,0
"FCR",100,2023-06-14 14:50:00,0.1,1,0.0920448202118094,46.1725586483124,0,0,0
"FCR",100,2023-06-14 14:50:00,0.1,2,0.119863999860476,53.1487242770218,0,0,0
"FCR",50,2023-06-19 09:34:00,0.1,1,0.271792896815065,0,0,0,6
"FCR",50,2023-06-19 09:34:00,0.1,2,0.298407891547631,0,0,0,6
"FCR",50,2023-06-19 09:45:00,1.6,1,0.197437041132395,0,0,0,6
"FCR",50,2023-06-19 09:45:00,1.6,2,0.194929904486055,0,0,0,6
"FCR",50,2023-06-19 10:00:00,3.8,1,0.0122631588770826,262.269804691276,0,0,0
"FCR",50,2023-06-19 10:00:00,3.8,2,0.0201956694134405,267.417576362026,0,0,0
"BVR",50,2023-06-19 10:08:00,0.1,1,0.292648790124125,17.3184757334747,0,0,0
"BVR",50,2023-06-19 10:08:00,0.1,2,0.303889880702585,17.2863271977844,0,0,0
"FCR",50,2023-06-19 10:10:00,5,1,0.0218314585926499,335.682192902376,0,0,0
"FCR",50,2023-06-19 10:10:00,5,2,0.0156683362641032,338.359635582381,0,0,0
"BVR",50,2023-06-19 10:13:00,3,1,0.326772523136097,13.8493681078807,0,0,0
"BVR",50,2023-06-19 10:13:00,3,2,0.377517551136487,11.5864708327005,0,0,0
"BVR",50,2023-06-19 10:18:00,6,1,0.14045136928036,203.950215383759,0,0,0
"BVR",50,2023-06-19 10:18:00,6,2,0.160031472119939,211.620079577871,0,0,0
"FCR",50,2023-06-19 10:21:00,6.2,1,0.0114649659033657,471.717268049689,0,0,0
"FCR",50,2023-06-19 10:21:00,6.2,2,0.0160937147487072,508.798480204384,0,0,0
"BVR",50,2023-06-19 10:25:00,9,1,103.479395948011,353.511835955057,0,0,0
"BVR",50,2023-06-19 10:25:00,9,2,118.62589563855,370.550213030541,0,0,0
"FCR",50,2023-06-19 10:25:00,8,1,0.0256304387271051,503.106305104472,0,0,0
"FCR",50,2023-06-19 10:25:00,8,2,0.0197560802895687,456.600909658086,0,0,0
"FCR",50,2023-06-19 10:39:00,9,1,0.0170441106856298,510.791617423496,0,0,0
"FCR",50,2023-06-19 10:39:00,9,2,0.0244713826971916,462.165748667761,0,0,0
"BVR",1.3,2023-06-19 11:32:00,0.1,1,3.52748784183742,29.5420297921564,0,0,0
"BVR",1.3,2023-06-19 11:32:00,0.1,2,3.56609421111569,31.9786795031146,0,0,0
"FCR",100,2023-06-19 11:34:00,0.1,1,0.0734537563225524,43.1530136740811,0,0,0
"FCR",100,2023-06-19 11:34:00,0.1,2,0.0852870324898359,50.9788524046205,0,0,0
"FCR",1.1,2023-06-19 12:15:00,0.1,1,1.66611909991151,508.279332716348,0,0,0
"FCR",1.1,2023-06-19 12:15:00,0.1,2,1.65942348867263,539.351698336625,0,0,0
"FCR",50,2023-06-26 09:03:00,0.1,1,0.399039556162794,0,0,0,6
"FCR",50,2023-06-26 09:03:00,0.1,2,0.477628671505586,0.206323077985626,0,0,2
"FCR",50,2023-06-26 09:10:00,1.6,1,0.298218244427562,1.47074641997996,0,0,2
"FCR",50,2023-06-26 09:10:00,1.6,2,0.246404362272139,0,0,0,2
"FCR",50,2023-06-26 09:18:00,3.8,1,0.0150637766576828,351.951543107706,0,0,0
"FCR",50,2023-06-26 09:18:00,3.8,2,0.0176043222651971,362.274071268896,0,0,0
"FCR",50,2023-06-26 09:22:00,5,1,0.0173153460398895,576.78992568673,0,0,0
"FCR",50,2023-06-26 09:22:00,5,2,0.0217383691238916,618.588003748604,0,0,0
"FCR",50,2023-06-26 09:26:00,6.2,1,0.0265153608690232,512.506082428062,0,0,0
"FCR",50,2023-06-26 09:26:00,6.2,2,0.0333574836456618,595.155913880151,0,0,0
"FCR",50,2023-06-26 09:30:00,8,1,0.0235742327727527,539.946272009492,0,0,0
"FCR",50,2023-06-26 09:30:00,8,2,0.0253957797895739,533.613091412068,0,0,0
"FCR",50,2023-06-26 09:34:00,9,1,0.0234696360183349,533.810240854217,0,0,0
"FCR",50,2023-06-26 09:34:00,9,2,0.0293455957289488,518.146281982828,0,0,0
"BVR",50,2023-06-26 09:45:00,0.1,1,0.322540061665134,21.8940354261599,0,0,0
"BVR",50,2023-06-26 09:45:00,0.1,2,0.249358884420391,16.3733360635722,0,0,0
"BVR",50,2023-06-26 09:54:00,3,1,0.265962970269982,25.0451548855753,0,0,0
"BVR",50,2023-06-26 09:54:00,3,2,0.248308118705545,19.9558710134069,0,0,0
"FCR",1.1,2023-06-26 09:54:00,0.1,1,1.86537220839011,503.150811153738,0,0,0
"FCR",1.1,2023-06-26 09:54:00,0.1,2,1.74578210651126,427.277078300196,0,0,0
"BVR",50,2023-06-26 10:08:00,6,1,0.0822993876762779,196.71565920899,0,0,0
"BVR",50,2023-06-26 10:08:00,6,2,0.0970779420497433,179.639724498548,0,0,0
"BVR",50,2023-06-26 10:17:00,9,1,117.515038526442,350.98191376788,0,0,0
"BVR",50,2023-06-26 10:17:00,9,2,130.430372995113,464.936218206731,0,0,0
"BVR",1.3,2023-06-26 11:05:00,0.1,1,2.99939831608161,56.0937678064508,0,0,0
"BVR",1.3,2023-06-26 11:05:00,0.1,2,2.96128769264208,54.3890823679576,0,0,0
"FCR",100,2023-06-26 15:14:00,0.1,1,0.153915606537139,50.1226304067363,0,0,0
"FCR",100,2023-06-26 15:14:00,0.1,2,0.196803048324624,44.0791816108057,0,0,0
"FCR",50,2023-07-03 09:42:00,0.1,1,0.949014519222775,0,0,0,6
"FCR",50,2023-07-03 09:42:00,0.1,2,0.879670210113739,0,0,0,6
"FCR",50,2023-07-03 09:50:00,1.6,1,0.665735068572654,0,0,0,6
"FCR",50,2023-07-03 09:50:00,1.6,2,0.564996517211707,0,0,0,6
"FCR",50,2023-07-03 09:58:00,3.8,1,0.0186219511996548,232.470334800347,0,0,0
"FCR",50,2023-07-03 09:58:00,3.8,2,0.0374083224573792,252.366679337088,0,0,0
"BVR",50,2023-07-03 10:08:00,0.1,1,0.308931290655909,16.2573944259447,0,0,0
"BVR",50,2023-07-03 10:08:00,0.1,2,0.31816494282628,16.3025923125846,0,0,0
"FCR",50,2023-07-03 10:16:00,5,1,0.0274923561831025,631.970515259129,0,0,0
"FCR",50,2023-07-03 10:16:00,5,2,0.0293513375335257,620.655493526435,0,0,0
"BVR",50,2023-07-03 10:21:00,3,1,0.328708258524703,10.734290544328,0,0,0
"BVR",50,2023-07-03 10:21:00,3,2,0.34034436598982,8.595308006975,0,0,0
"FCR",50,2023-07-03 10:23:00,6.2,1,0.0262836726901727,679.603684452306,0,0,0
"FCR",50,2023-07-03 10:23:00,6.2,2,0.0251592786434965,616.581688488242,0,0,0
"BVR",50,2023-07-03 10:29:00,6,1,0.0124702301873909,201.307219186812,0,0,0
"BVR",50,2023-07-03 10:29:00,6,2,0.0125550114755558,227.297184558042,0,0,0
"FCR",50,2023-07-03 10:29:00,8,1,0.031565938951275,620.898486829386,0,0,0
"FCR",50,2023-07-03 10:29:00,8,2,0.0344670793506501,642.454765231761,0,0,0
"FCR",50,2023-07-03 10:32:00,9,1,0.0307203785136712,654.637461311223,0,0,0
"FCR",50,2023-07-03 10:32:00,9,2,0.0272123074655362,620.220655527512,0,0,0
"BVR",50,2023-07-03 10:39:00,9,1,147.25622184453,523.397863874777,0,0,0
"BVR",50,2023-07-03 10:39:00,9,2,154.123640252485,524.850482195196,0,0,0
"BVR",1.3,2023-07-03 11:43:00,0.1,1,4.29717253482295,26.3069577400058,0,0,0
"BVR",1.3,2023-07-03 11:43:00,0.1,2,4.64217909538488,31.8437679724581,0,0,0
"FCR",100,2023-07-03 12:00:00,0.1,1,0.628573972023483,54.6927052610552,0,3,0
"FCR",100,2023-07-03 12:00:00,0.1,2,0.857632835348185,64.4692598550289,0,3,0
"FCR",1.1,2023-07-03 12:30:00,0.1,1,1.87642317371113,497.46979747237,0,0,0
"FCR",1.1,2023-07-03 12:30:00,0.1,2,1.69267913302011,446.081525331861,0,0,0
"FCR",50,2023-07-10 10:03:00,0.1,1,1.44316740654552,0,0,0,6
"FCR",50,2023-07-10 10:03:00,0.1,2,1.58165671528984,0,0,0,6
"FCR",50,2023-07-10 10:20:00,1.6,1,1.53350613123065,3.73313479414754,0,0,2
"FCR",50,2023-07-10 10:20:00,1.6,2,1.52841311114843,0.292261259938882,0,0,2
"BVR",50,2023-07-10 10:25:00,0.1,1,0.462858862716447,18.6182675540132,0,0,0
"BVR",50,2023-07-10 10:25:00,0.1,2,0.43366726357519,13.0022894350886,0,0,0
"BVR",50,2023-07-10 10:31:00,3,1,0.41256033354762,16.6238790030399,0,0,0
"BVR",50,2023-07-10 10:31:00,3,2,0.437209775530936,21.5862150300726,0,0,0
"FCR",50,2023-07-10 10:36:00,3.8,1,2.07223217976622,264.515364751151,0,0,0
"FCR",50,2023-07-10 10:36:00,3.8,2,1.88456245161325,258.374110737518,0,0,0
"BVR",50,2023-07-10 10:50:00,6,1,1.20167031323003,164.954859199464,0,0,0
"BVR",50,2023-07-10 10:50:00,6,2,1.05363772034786,150.252843889296,0,0,0
"FCR",50,2023-07-10 10:50:00,5,1,0.0180865481109431,544.819502391545,0,0,0
"FCR",50,2023-07-10 10:50:00,5,2,0.0250394260998901,621.294850910958,0,0,0
"BVR",50,2023-07-10 10:57:00,9,1,193.95548235866,442.347237337522,0,0,0
"BVR",50,2023-07-10 10:57:00,9,2,205.749527091706,390.44133872511,0,0,0
"FCR",50,2023-07-10 11:05:00,6.2,1,0.017745184458409,654.260802477124,0,0,0
"FCR",50,2023-07-10 11:05:00,6.2,2,0.0246842277044094,662.711058722631,0,0,0
"FCR",50,2023-07-10 11:18:00,8,1,0.0253120038199851,712.995616450072,0,0,0
"FCR",50,2023-07-10 11:18:00,8,2,0.0278862111309399,647.26479940201,0,0,0
"FCR",50,2023-07-10 11:30:00,9,1,0.13923078237091,687.301798323243,0,4,0
"FCR",50,2023-07-10 11:30:00,9,2,0.0177873687724077,659.039996464299,0,4,0
"BVR",1.3,2023-07-10 11:40:00,0.1,1,4.52042999302389,34.3809971724836,0,4,4
"BVR",1.3,2023-07-10 11:40:00,0.1,2,0,0,0,6,6
"FCR",1.1,2023-07-10 11:59:00,0.1,1,1.97066298045291,508.017078453197,0,0,0
"FCR",1.1,2023-07-10 11:59:00,0.1,2,2.1804155555418,513.648153478726,0,0,0
"FCR",100,2023-07-10 15:40:00,0.1,1,0.153116601706467,45.2569281009563,0,0,0
"FCR",100,2023-07-10 15:40:00,0.1,2,0.185393962604231,45.3961433974674,0,0,0
"FCR",50,2023-07-17 10:07:00,0.1,1,0.37970983515207,43.7051946803604,0,0,0
"FCR",50,2023-07-17 10:07:00,0.1,2,0.290534264536139,60.8649419322118,0,0,0
"FCR",50,2023-07-17 10:15:00,1.6,1,0.0495716488472615,126.607244655914,0,0,0
"FCR",50,2023-07-17 10:15:00,1.6,2,0.0447113444102778,125.713115684248,0,0,0
"FCR",50,2023-07-17 10:28:00,3.8,1,0.192886244736329,292.911114613727,0,4,0
"FCR",50,2023-07-17 10:28:00,3.8,2,0.456786217602753,333.889334734932,0,4,0
"FCR",50,2023-07-17 10:41:00,5,1,0.0126397859118754,596.921755540586,0,0,0
"FCR",50,2023-07-17 10:41:00,5,2,0.0173570793106517,579.693510207483,0,0,0
"FCR",50,2023-07-17 10:54:00,6.2,1,0.0511109604696146,620.031481963103,0,0,0
"FCR",50,2023-07-17 10:54:00,6.2,2,0.0381091689824472,693.819340613137,0,0,0
"FCR",50,2023-07-17 11:00:00,8,1,0.0191201673386476,677.759859576121,0,0,0
"FCR",50,2023-07-17 11:00:00,8,2,0.0181406749601958,719.659043027449,0,0,0
"FCR",50,2023-07-17 11:12:00,9,1,0.0177386662153792,756.571537806082,0,0,0
"FCR",50,2023-07-17 11:12:00,9,2,0.0250557681888509,670.845740695687,0,0,0
"FCR",1.1,2023-07-17 11:20:00,0.1,1,1.74766886863187,513.58056181179,0,0,0
"FCR",1.1,2023-07-17 11:20:00,0.1,2,1.78431443201037,503.908157436429,0,0,0
"BVR",1.3,2023-07-17 12:00:00,0.1,1,4.39430835914041,36.5353738179545,1,0,0
"BVR",1.3,2023-07-17 12:00:00,0.1,2,4.53213388998828,33.928565738705,1,0,0
"FCR",100,2023-07-17 13:15:00,0.1,1,0.420086569286214,50.3715313540165,0,0,0
"FCR",100,2023-07-17 13:15:00,0.1,2,0.455186003062203,64.0166149061611,0,0,0
"BVR",50,2023-07-17 13:20:00,0.1,1,0.279197295659112,11.4511873678415,0,0,0
"BVR",50,2023-07-17 13:20:00,0.1,2,0.350918401471031,14.8846446592545,0,0,0
"BVR",50,2023-07-17 13:25:00,3,1,0.298657166047424,12.9078669373374,0,0,0
"BVR",50,2023-07-17 13:25:00,3,2,0.381090967463553,11.9927528722983,0,0,0
"BVR",50,2023-07-17 13:35:00,6,1,0.308011138455516,187.408750719279,0,4,0
"BVR",50,2023-07-17 13:35:00,6,2,0.18454997843103,225.368267795092,0,4,0
"BVR",50,2023-07-17 13:40:00,9,1,178.241076279064,429.753257078913,0,3,0
"BVR",50,2023-07-17 13:40:00,9,2,261.683145254782,364.03000149958,0,3,0
"FCR",50,2023-07-24 10:00:00,0.1,1,0.401473080652479,65.1593916729444,0,0,0
"FCR",50,2023-07-24 10:00:00,0.1,2,0.422953098918822,72.194481990521,0,0,0
"FCR",100,2023-07-24 10:20:00,0.1,1,0.230603916228555,78.1112085911935,0,4,3
"FCR",100,2023-07-24 10:20:00,0.1,2,0.138887366353723,51.4897316504181,0,4,3
"FCR",50,2023-07-24 10:20:00,1.6,1,0.325127286155138,63.4350123573579,0,0,0
"FCR",50,2023-07-24 10:20:00,1.6,2,0.406249224412177,80.2544713724529,0,0,0
"FCR",200,2023-07-24 10:40:00,0.1,1,3.99414443478539,217.370524577373,0,0,0
"FCR",200,2023-07-24 10:40:00,0.1,2,5.08064632279915,219.744650241589,0,0,0
"FCR",50,2023-07-24 10:41:00,3.8,1,3.31963341366107,321.21106641473,0,0,0
"FCR",50,2023-07-24 10:41:00,3.8,2,3.82005688861172,351.279166752772,0,0,0
"FCR",50,2023-07-24 11:01:00,5,1,0.0183576839675646,509.353925475201,0,0,0
"FCR",50,2023-07-24 11:01:00,5,2,0.0162618865076628,544.737373287688,0,0,0
"FCR",50,2023-07-24 11:15:00,6.2,1,0.0309589097086648,712.603159157283,0,4,0
"FCR",50,2023-07-24 11:15:00,6.2,2,0.0873529337369144,788.772858429527,0,4,0
"FCR",50,2023-07-24 11:32:00,8,1,0.0195692584355501,799.379854165714,0,0,0
"FCR",50,2023-07-24 11:32:00,8,2,0.0293543369190896,826.866140871323,0,0,0
"FCR",50,2023-07-24 11:43:00,9,1,0.016366137617564,758.006455839466,0,0,0
"FCR",50,2023-07-24 11:43:00,9,2,0.0296954571119383,871.319624031718,0,0,0
"FCR",1.1,2023-07-24 11:58:00,0.1,1,1.6547164761341,486.957760567305,0,0,0
"FCR",1.1,2023-07-24 11:58:00,0.1,2,1.96129030577602,476.725601905787,0,0,0
"BVR",50,2023-07-24 13:55:00,0.1,1,0.342079004034097,13.8743251128048,0,0,0
"BVR",50,2023-07-24 13:55:00,0.1,2,0.368040919243712,15.9220117993892,0,0,0
"BVR",50,2023-07-24 14:13:00,3,1,0.308247440158333,1399.69680028987,0,0,4
"BVR",50,2023-07-24 14:13:00,3,2,0.371075129007458,12.4582470878812,0,0,4
"BVR",50,2023-07-24 14:26:00,6,1,0.517438507959762,213.056767966709,0,0,0
"BVR",50,2023-07-24 14:26:00,6,2,0.636954580278731,203.371684216873,0,0,0
"BVR",50,2023-07-24 14:35:00,9,1,269.065732062817,489.043439237346,0,0,0
"BVR",50,2023-07-24 14:35:00,9,2,291.398985961113,555.445959578488,0,0,0
"BVR",1.3,2023-07-24 15:33:00,0.1,1,5.48796237433004,42.3763150744125,0,0,0
"BVR",1.3,2023-07-24 15:33:00,0.1,2,4.69493094161811,40.2014515879046,0,0,0
"FCR",50,2023-07-31 09:55:00,0.1,1,1.16602406628015,3.8561912109662,0,0,2
"FCR",50,2023-07-31 09:55:00,0.1,2,1.16304017495363,4.70332272638826,0,0,2
"FCR",50,2023-07-31 10:05:00,1.6,1,0.552700284197584,7.22272414391569,0,4,2
"FCR",50,2023-07-31 10:05:00,1.6,2,1.37588178089916,5.34165663193005,0,4,2
"FCR",50,2023-07-31 10:15:00,3.8,1,1.24217091393749,260.8715207882,0,3,0
"FCR",50,2023-07-31 10:15:00,3.8,2,0.882307347775998,313.73432584279,0,3,0
"BVR",50,2023-07-31 10:22:00,0.1,1,0.269552566094272,10.4268948655074,0,0,0
"BVR",50,2023-07-31 10:22:00,0.1,2,0.303687333380161,3.47810703616844,0,0,2
"FCR",50,2023-07-31 10:25:00,5,1,0.0114213507184001,864.775044539029,0,0,0
"FCR",50,2023-07-31 10:25:00,5,2,0.0130558561126126,811.997296479553,0,0,0
"BVR",50,2023-07-31 10:30:00,3,1,0.360002276400053,7.94466794129911,0,0,0
"BVR",50,2023-07-31 10:30:00,3,2,0.339810017303555,9.99178825226594,0,0,0
"FCR",50,2023-07-31 10:35:00,6.2,1,0.0452475233647262,686.720808487541,0,4,0
"FCR",50,2023-07-31 10:35:00,6.2,2,0.0919567631957787,648.419451461234,0,4,0
"BVR",50,2023-07-31 10:37:00,6,1,0.0114618194156977,264.754878407688,0,0,0
"BVR",50,2023-07-31 10:37:00,6,2,0.0114231652606541,241.302830125946,0,0,0
"FCR",50,2023-07-31 10:43:00,8,1,0.0144428580674555,793.064979625261,0,0,0
"FCR",50,2023-07-31 10:43:00,8,2,0.015773179773513,783.836110501093,0,0,0
"BVR",50,2023-07-31 10:47:00,9,1,242.580628785294,540.105966337474,0,0,3
"BVR",50,2023-07-31 10:47:00,9,2,266.798494231803,355.705851146354,0,0,3
"FCR",50,2023-07-31 11:16:00,9,1,0.277739931350108,740.411846600461,0,4,0
"FCR",50,2023-07-31 11:16:00,9,2,0.0580973844675648,761.211241499768,0,4,0
"FCR",100,2023-07-31 11:50:00,0.1,1,0.629588431059704,65.6675162438185,0,0,0
"FCR",100,2023-07-31 11:50:00,0.1,2,0.65853827067349,59.5246079618808,0,0,0
"BVR",1.3,2023-07-31 12:00:00,0.1,1,4.71208513796952,17.1537899673043,1,0,0
"BVR",1.3,2023-07-31 12:00:00,0.1,2,5.56134135959701,22.5718034549964,1,0,0
"FCR",1.1,2023-07-31 13:36:00,0.1,1,1.81641156434118,514.483513382963,0,0,0
"FCR",1.1,2023-07-31 13:36:00,0.1,2,1.89830772046006,462.223327378111,0,0,0
"FCR",50,2023-08-07 09:20:00,0.1,1,0.550474261405871,7.35611703003682,0,0,2
"FCR",50,2023-08-07 09:20:00,0.1,2,0.628141182203123,4.78917270836115,0,0,2
"FCR",50,2023-08-07 09:32:00,3.8,1,0.0348496801083415,405.364456404185,0,0,0
"FCR",50,2023-08-07 09:32:00,3.8,2,0.0414363549341121,447.282729012407,0,0,0
"FCR",50,2023-08-07 09:40:00,1.6,1,0.689588999962199,12.9924676243381,0,0,0
"FCR",50,2023-08-07 09:40:00,1.6,2,0.745926752603709,10.569054699429,0,0,0
"FCR",100,2023-08-07 09:43:00,0.1,1,0.333133479660443,38.3096933887687,0,0,0
"FCR",100,2023-08-07 09:43:00,0.1,2,0.398797577694699,60.5135785968419,0,0,0
"FCR",50,2023-08-07 09:50:00,5,1,0.195760454169139,626.395698528016,0,4,4
"FCR",50,2023-08-07 09:50:00,5,2,NA,NA,0,1,1
"FCR",50,2023-08-07 09:56:00,6.2,1,0.0279445967566225,875.784565381422,0,0,0
"FCR",50,2023-08-07 09:56:00,6.2,2,0.023430954123702,946.22740028007,0,0,0
"FCR",50,2023-08-07 10:03:00,8,1,0.0227911638630657,956.80680132715,0,0,0
"FCR",50,2023-08-07 10:03:00,8,2,0.0288938143422671,896.945133062889,0,0,0
"FCR",50,2023-08-07 10:07:00,9,1,0.025984690443424,896.701258549955,0,0,0
"FCR",50,2023-08-07 10:07:00,9,2,0.0235237690534398,929.313572993546,0,0,0
"FCR",1.1,2023-08-07 10:27:00,0.1,1,1.70562800720203,490.687346988842,0,0,0
"FCR",1.1,2023-08-07 10:27:00,0.1,2,2.14778723109246,534.846747208692,0,0,0
"BVR",50,2023-08-07 11:50:00,0.1,1,0.314918111269113,9.1275195804875,0,0,0
"BVR",50,2023-08-07 11:50:00,0.1,2,0.343484151477908,8.53510866790752,0,0,0
"BVR",50,2023-08-07 11:51:00,3,1,0.174055242563255,18.8791225827704,0,0,0
"BVR",50,2023-08-07 11:51:00,3,2,0.186484092872013,20.3188176925636,0,0,0
"BVR",50,2023-08-07 12:05:00,6,1,2.01091625425745,258.391705352348,0,0,0
"BVR",50,2023-08-07 12:05:00,6,2,2.11039801208777,285.212736119937,0,0,0
"BVR",50,2023-08-07 12:12:00,9,1,155.10124828402,782.010590057455,0,4,3
"BVR",50,2023-08-07 12:12:00,9,2,0.0799432383410136,552.797466237758,0,4,3
"BVR",1.3,2023-08-07 12:50:00,0.1,1,4.24905127949321,63.9305343789675,0,0,0
"BVR",1.3,2023-08-07 12:50:00,0.1,2,4.22181521174861,53.9587195766463,0,0,0
"BVR",50,2023-08-14 10:23:00,0.1,1,0.230563055184096,15.1150011589498,0,0,0
"BVR",50,2023-08-14 10:23:00,0.1,2,0.238260610752288,10.595132259601,0,0,0
"BVR",50,2023-08-14 10:35:00,3,1,0.0453873130472094,11.6446609951935,0,4,4
"BVR",50,2023-08-14 10:35:00,3,2,NA,NA,0,1,1
"FCR",100,2023-08-14 10:50:00,0.1,1,0.103573032601837,67.9815747506127,0,3,0
"FCR",100,2023-08-14 10:50:00,0.1,2,0.141439056648305,78.6892056983279,0,3,0
"BVR",50,2023-08-14 11:11:00,6,1,3.97967822615273,314.886264177647,0,3,0
"BVR",50,2023-08-14 11:11:00,6,2,2.80014924384592,320.054101550074,0,3,0
"FCR",200,2023-08-14 11:27:00,0.1,1,4.18670086151177,482.573104157384,0,4,4
"FCR",200,2023-08-14 11:27:00,0.1,2,NA,NA,0,1,1
"BVR",50,2023-08-14 11:35:00,9,1,335.92752691375,601.168287040897,0,0,3
"BVR",50,2023-08-14 11:35:00,9,2,279.995549035458,951.93400382698,0,0,3
"FCR",50,2023-08-14 12:50:00,0.1,1,0.425999963394294,5.17723027543192,0,0,2
"FCR",50,2023-08-14 12:50:00,0.1,2,0.390940930885243,0,0,0,6
"BVR",1.3,2023-08-14 12:59:00,0.1,1,4.15836514579212,25.4072611118467,0,0,0
"BVR",1.3,2023-08-14 12:59:00,0.1,2,4.12812161197901,42.5089874957122,0,0,0
"FCR",50,2023-08-14 13:05:00,1.6,1,0.317399622707599,37.8234781348079,0,0,0
"FCR",50,2023-08-14 13:05:00,1.6,2,0.304734708462369,49.1463188135327,0,0,0
"FCR",50,2023-08-14 13:20:00,3.8,1,2.18721043052396,404.108459128368,0,0,0
"FCR",50,2023-08-14 13:20:00,3.8,2,1.68646259253349,434.553593096912,0,0,0
"FCR",50,2023-08-14 13:40:00,5,1,0.0947162835011568,962.326380469956,0,3,0
"FCR",50,2023-08-14 13:40:00,5,2,0.0596349664683561,974.354360442288,0,3,0
"FCR",50,2023-08-14 13:55:00,6.2,1,0.0154914548653378,978.399038366421,0,0,0
"FCR",50,2023-08-14 13:55:00,6.2,2,0.0175106732564997,933.111848550891,0,0,0
"FCR",50,2023-08-14 14:10:00,9,1,0.0233069393243921,977.055043908179,0,0,0
"FCR",50,2023-08-14 14:10:00,9,2,0.0246436977966577,988.194117623521,0,0,0
"FCR",50,2023-08-14 14:30:00,8,1,0.0234108300323289,920.360088020659,0,0,0
"FCR",50,2023-08-14 14:30:00,8,2,0.0271026251256776,959.071664548935,0,0,0
"FCR",1.1,2023-08-14 14:40:00,0.1,1,1.60782735557887,516.099793735167,0,0,0
"FCR",1.1,2023-08-14 14:40:00,0.1,2,1.70953115333952,543.56043561931,0,0,0
"BVR",50,2023-08-22 10:25:00,0.1,1,0.40019287023048,4.7909109335024,0,0,2
"BVR",50,2023-08-22 10:25:00,0.1,2,0.442763253922081,9.19828852573886,0,0,0
"BVR",50,2023-08-22 10:44:00,3,1,0.330033174922134,8.9902157077358,0,3,0
"BVR",50,2023-08-22 10:44:00,3,2,0.45053804621034,6.60209083299276,0,3,2
"BVR",50,2023-08-22 11:05:00,6,1,27.3160798009029,443.033806036691,0,0,0
"BVR",50,2023-08-22 11:05:00,6,2,23.3536382741083,417.257833251684,0,0,0
"BVR",50,2023-08-22 11:15:00,9,1,399.018980196396,319.736683126424,0,0,0
"BVR",50,2023-08-22 11:15:00,9,2,403.126779945644,409.704391961565,0,0,0
"BVR",1.3,2023-08-22 12:10:00,0.1,1,5.38856041845253,16.5427598165077,0,0,0
"BVR",1.3,2023-08-22 12:10:00,0.1,2,7.06719185575361,24.7517404887764,0,0,0
"FCR",50,2023-08-22 13:23:00,0.1,1,0.449518893439455,0,0,0,6
"FCR",50,2023-08-22 13:23:00,0.1,2,0.477799764649306,0.940780656252816,0,0,2
"FCR",50,2023-08-22 13:33:00,1.6,1,0.594483962776282,0.627175423728278,0,0,2
"FCR",50,2023-08-22 13:33:00,1.6,2,0.602762010933238,0.803585297048901,0,0,2
"FCR",50,2023-08-22 13:45:00,3.8,1,6.55279248651038,453.459998284881,0,0,0
"FCR",50,2023-08-22 13:45:00,3.8,2,8.11355580186312,474.295315775104,0,0,0
"FCR",50,2023-08-22 14:05:00,5,1,0.267327973545039,738.017823791677,0,4,0
"FCR",50,2023-08-22 14:05:00,5,2,0.144847568660522,756.795829689664,0,4,0
"FCR",50,2023-08-22 14:15:00,6.2,1,0.470039930489312,627.854030621239,0,0,0
"FCR",50,2023-08-22 14:15:00,6.2,2,0.371864260108986,645.795551187154,0,0,0
"FCR",50,2023-08-22 14:25:00,8,1,0.0149603280995247,1003.67404893467,0,0,0
"FCR",50,2023-08-22 14:25:00,8,2,0.0152619333120839,862.336183698919,0,0,0
"FCR",50,2023-08-22 14:30:00,9,1,0.0198535879241156,984.425257388896,0,0,0
"FCR",50,2023-08-22 14:30:00,9,2,0.0213511506708385,941.473593255246,0,0,0
"BVR",50,2023-08-29 10:40:00,0.1,1,0.269025753080495,35.087895583883,0,0,0
"BVR",50,2023-08-29 10:40:00,0.1,2,0.289072488726188,35.8722966350267,0,0,0
"BVR",50,2023-08-29 10:47:00,3,1,0.252380012270756,30.6021032558349,0,0,0
"BVR",50,2023-08-29 10:47:00,3,2,0.265357121798573,32.4726550687576,0,0,0
"BVR",50,2023-08-29 10:54:00,6,1,48.7698250919345,519.355309766938,0,0,0
"BVR",50,2023-08-29 10:54:00,6,2,46.1648401990216,521.814059709201,0,0,0
"BVR",50,2023-08-29 11:00:00,9,1,475.932884454196,510.352002774505,0,0,0
"BVR",50,2023-08-29 11:00:00,9,2,491.994835989327,430.990155548061,0,0,0
"BVR",1.3,2023-08-29 12:15:00,0.1,1,6.13240623675505,60.6025924632042,0,0,0
"BVR",1.3,2023-08-29 12:15:00,0.1,2,6.64448580226443,81.6850353175034,0,0,0
"FCR",50,2023-08-29 13:01:00,0.1,1,0.745784217332576,2.10444031485493,0,0,2
"FCR",50,2023-08-29 13:01:00,0.1,2,0.810308802171674,2.00765731198878,0,0,2
"FCR",50,2023-08-29 13:15:00,1.6,1,0.639299342633348,49.7273306544157,0,3,0
"FCR",50,2023-08-29 13:15:00,1.6,2,0.424415551364002,52.2902178881921,0,3,0
"FCR",50,2023-08-29 13:25:00,3.8,1,2.48852626604952,487.46428488296,0,0,0
"FCR",50,2023-08-29 13:25:00,3.8,2,2.58158734830252,520.228011852646,0,0,0
"FCR",50,2023-08-29 13:34:00,5,1,4.23679772459074,926.040765121403,0,3,0
"FCR",50,2023-08-29 13:34:00,5,2,2.9629661541392,890.972993488879,0,3,0
"FCR",50,2023-08-29 13:44:00,6.2,1,0.018563716940585,1090.45969774258,0,0,0
"FCR",50,2023-08-29 13:44:00,6.2,2,0.0166407829226617,1222.30396963802,0,0,0
"FCR",50,2023-08-29 13:52:00,8,1,0.0144934514506385,1089.02133873051,0,0,0
"FCR",50,2023-08-29 13:52:00,8,2,0.0113374418378051,1050.03600777922,0,0,0
"FCR",50,2023-08-29 13:59:00,9,1,0.0204867306162719,1092.00287060876,0,0,0
"FCR",50,2023-08-29 13:59:00,9,2,0.0219842821550764,1159.15356244057,0,0,0
"FCR",1.1,2023-08-29 14:23:00,0.1,1,1.96126779315566,505.265421432109,0,0,0
"FCR",1.1,2023-08-29 14:23:00,0.1,2,1.89415398700013,485.626446067985,0,0,0
"FCR",100,2023-08-29 14:52:00,0.1,1,0.140527069476699,44.0357370211841,0,0,0
"FCR",100,2023-08-29 14:52:00,0.1,2,0.160047022383161,49.5078249643265,0,0,0
"FCR",50,2023-09-05 10:13:00,0.1,1,0.20540171047962,19.1130581749614,0,0,0
"FCR",50,2023-09-05 10:13:00,0.1,2,0.160910617869414,19.1324337004825,0,0,0
"BVR",50,2023-09-05 10:20:00,0.1,1,0.179472679257899,19.5521827802437,0,0,0
"BVR",50,2023-09-05 10:20:00,0.1,2,0.222363802926764,20.146112792489,0,0,0
"FCR",50,2023-09-05 10:24:00,1.6,1,0.111930003718756,266.498596783978,0,0,4
"FCR",50,2023-09-05 10:24:00,1.6,2,0.146376238886743,20.4107324063032,0,0,4
"FCR",50,2023-09-05 10:33:00,3.8,1,22.413560562576,703.185873294736,0,0,0
"FCR",50,2023-09-05 10:33:00,3.8,2,24.5546708104498,712.592378531219,0,0,0
"BVR",50,2023-09-05 10:35:00,3,1,0.107480495700949,39.0937914204397,0,4,0
"BVR",50,2023-09-05 10:35:00,3,2,0.0311619367811827,41.3962980996451,0,4,0
"FCR",50,2023-09-05 10:43:00,5,1,3.6003556988921,1033.95160338197,0,0,0
"FCR",50,2023-09-05 10:43:00,5,2,3.48371533538655,1077.2357503831,0,0,0
"BVR",50,2023-09-05 10:48:00,6,1,46.8952801208975,507.120699818039,0,0,0
"BVR",50,2023-09-05 10:48:00,6,2,51.6145126099473,492.231350167902,0,0,0
"FCR",50,2023-09-05 10:57:00,6.2,1,0.0128013964605677,1127.68869207307,0,0,0
"FCR",50,2023-09-05 10:57:00,6.2,2,0.0126820747774614,1224.23017552178,0,0,0
"FCR",50,2023-09-05 11:07:00,8,1,0.112909960885451,1228.66698059067,0,4,0
"FCR",50,2023-09-05 11:07:00,8,2,0.0173387313199283,1121.29406019427,0,4,0
"BVR",50,2023-09-05 11:10:00,9,1,408.24702024008,311.912594735973,0,0,0
"BVR",50,2023-09-05 11:10:00,9,2,492.042312327497,373.170079073728,0,0,0
"FCR",50,2023-09-05 11:17:00,9,1,0.0237230557624072,1255.14050399057,0,0,0
"FCR",50,2023-09-05 11:17:00,9,2,0.0231897182253593,1150.3753728001,0,0,0
"BVR",1.3,2023-09-05 11:30:00,0.1,1,4.61987214262045,57.0143959717455,0,0,3
"BVR",1.3,2023-09-05 11:30:00,0.1,2,5.23698233544657,83.3161075129095,0,0,3
"FCR",1.1,2023-09-05 12:30:00,0.1,1,1.87232174240189,506.740389732992,0,0,0
"FCR",1.1,2023-09-05 12:30:00,0.1,2,2.13788688619302,485.250166486937,0,0,0
"FCR",100,2023-09-05 16:00:00,0.1,1,0.163205027335685,41.0584562873325,0,0,0
"FCR",100,2023-09-05 16:00:00,0.1,2,0.216217701472523,44.592831612793,0,0,0
"BVR",50,2023-09-12 10:40:00,0.1,1,0.303074437397147,39.3009179192582,0,0,0
"BVR",50,2023-09-12 10:40:00,0.1,2,0.317710669326304,37.4745866539209,0,0,0
"BVR",50,2023-09-12 10:40:00,3,1,0.299830124009154,30.8652949664935,0,0,0
"BVR",50,2023-09-12 10:40:00,3,2,0.394956730805168,35.4422699008446,0,0,0
"BVR",50,2023-09-12 10:49:00,6,1,41.4079603316388,382.187363169747,0,0,0
"BVR",50,2023-09-12 10:49:00,6,2,45.4888786809815,403.39759225927,0,0,0
"BVR",50,2023-09-12 10:59:00,9,1,348.822233007619,439.572507854877,0,0,0
"BVR",50,2023-09-12 10:59:00,9,2,363.204905557341,415.368846841716,0,0,0
"BVR",1.3,2023-09-12 12:15:00,0.1,1,5.44445464623529,55.1123302934904,0,0,0
"BVR",1.3,2023-09-12 12:15:00,0.1,2,6.06787351176037,68.2620416448649,0,0,0
"FCR",100,2023-09-12 14:00:00,0.1,1,0.189489950089972,0,0,4,6
"FCR",100,2023-09-12 14:00:00,0.1,2,0.496185577495562,59.1702682544544,0,4,4
"FCR",50,2023-09-12 14:30:00,0.1,1,0.240892695349234,23.0936079718318,0,0,0
"FCR",50,2023-09-12 14:30:00,0.1,2,0.257434099012804,18.9336348516389,0,0,0
"FCR",50,2023-09-12 14:37:00,1.6,1,0.270123016363523,24.8907464759576,0,0,0
"FCR",50,2023-09-12 14:37:00,1.6,2,0.259767115635613,22.8880992036677,0,0,0
"FCR",50,2023-09-12 14:48:00,3.8,1,5.03778346829,439.920630485378,0,4,0
"FCR",50,2023-09-12 14:48:00,3.8,2,9.45556125563527,567.354282419576,0,4,0
"FCR",50,2023-09-12 14:58:00,5,1,2.57062599450684,1103.00268202323,0,0,0
"FCR",50,2023-09-12 14:58:00,5,2,2.60281113689063,1137.58499285733,0,0,0
"FCR",50,2023-09-12 15:05:00,6.2,1,0.0148346837478472,1222.02483711473,0,0,0
"FCR",50,2023-09-12 15:05:00,6.2,2,0.0166356651780342,1210.8609287405,0,0,0
"FCR",50,2023-09-12 15:11:00,8,1,0.0186409119753601,1175.80934716805,0,0,0
"FCR",50,2023-09-12 15:11:00,8,2,0.0115774170653729,1173.81525392712,0,0,0
"FCR",50,2023-09-12 15:15:00,9,1,0.0164455945404861,1206.80012058015,0,0,0
"FCR",50,2023-09-12 15:15:00,9,2,0.0114274927423138,1124.74022380333,0,0,0
"FCR",50,2023-09-18 10:04:00,0.1,1,0.236755370483578,82.1168364290704,0,0,0
"FCR",50,2023-09-18 10:04:00,0.1,2,0.221883057739629,74.6469166938172,0,0,0
"FCR",50,2023-09-18 10:17:00,1.6,1,0.220013296395485,0,0,0,6
"FCR",50,2023-09-18 10:17:00,1.6,2,0.206949213727023,80.6107149077576,0,0,4
"FCR",50,2023-09-18 10:27:00,3.8,1,10.0560887938615,329.026162232765,0,0,0
"FCR",50,2023-09-18 10:27:00,3.8,2,8.74149668850229,323.52349880408,0,0,0
"BVR",50,2023-09-18 10:35:00,0.1,1,0.806397657831704,63.8671155951627,0,0,0
"BVR",50,2023-09-18 10:35:00,0.1,2,0.651925451571261,74.2093592414689,0,0,0
"FCR",50,2023-09-18 10:36:00,5,1,4.53283235267772,1190.43968132961,0,0,0
"FCR",50,2023-09-18 10:36:00,5,2,4.68844861252952,1164.24525850615,0,0,0
"BVR",50,2023-09-18 10:46:00,3,1,0.644833044256103,61.260141789265,0,0,0
"BVR",50,2023-09-18 10:46:00,3,2,0.635470880855386,64.9741253515955,0,0,0
"FCR",50,2023-09-18 10:46:00,6.2,1,2.29430082420763,1036.0439207957,0,4,0
"FCR",50,2023-09-18 10:46:00,6.2,2,4.55352478995225,1030.20690555309,0,4,0
"BVR",50,2023-09-18 10:54:00,6,1,56.2212615027279,426.621035455211,0,0,0
"BVR",50,2023-09-18 10:54:00,6,2,59.0909892900834,425.720549022491,0,0,0
"FCR",50,2023-09-18 10:56:00,8,1,0.0188897846068945,1248.62179014564,0,4,0
"FCR",50,2023-09-18 10:56:00,8,2,0.331898881383859,1242.43306082784,0,4,0
"BVR",50,2023-09-18 11:04:00,9,1,525.401125115233,399.419351474166,0,0,0
"BVR",50,2023-09-18 11:04:00,9,2,547.680161963795,380.973412956239,0,0,0
"FCR",50,2023-09-18 11:06:00,9,1,0.0237410010615825,1264.20471652065,0,0,0
"FCR",50,2023-09-18 11:06:00,9,2,0.0209207776803636,1222.08592263547,0,0,0
"FCR",1.1,2023-09-18 11:33:00,0.1,1,1.22243159099541,546.330270141138,0,0,0
"FCR",1.1,2023-09-18 11:33:00,0.1,2,1.63758288103216,590.844839090034,0,0,0
"BVR",1.3,2023-09-18 11:40:00,0.1,1,6.87608972151469,73.9155034665188,0,0,0
"BVR",1.3,2023-09-18 11:40:00,0.1,2,7.73033231665,75.371748233912,0,0,0
"BVR",50,2023-09-26 10:45:00,0.1,1,0.0115519259709527,89.6887841652247,0,0,0
"BVR",50,2023-09-26 10:45:00,0.1,2,0.0121467882639392,105.845944982109,0,0,0
"BVR",50,2023-09-26 11:00:00,3,1,0.0133019759197717,93.290258805895,0,0,0
"BVR",50,2023-09-26 11:00:00,3,2,0.0134493840869021,96.5611225292651,0,0,0
"BVR",50,2023-09-26 11:25:00,6,1,38.8249736347544,395.665222665701,0,0,0
"BVR",50,2023-09-26 11:25:00,6,2,37.0026091454576,394.849520863027,0,0,0
"BVR",50,2023-09-26 11:43:00,9,1,349.663845529253,1050.59945044049,0,0,0
"BVR",50,2023-09-26 11:43:00,9,2,449.924225008912,1242.50951463723,0,0,0
"BVR",1.3,2023-09-26 13:00:00,0.1,1,4.74244592201379,147.816822011342,0,0,0
"BVR",1.3,2023-09-26 13:00:00,0.1,2,3.79507001790061,140.438297807801,0,0,0
"FCR",1.1,2023-09-26 13:50:00,0.1,1,2.49320092138216,541.477274205452,0,0,0
"FCR",1.1,2023-09-26 13:50:00,0.1,2,2.2055154850185,462.871274752069,0,0,0
"FCR",50,2023-09-26 14:15:00,0.1,1,0.139491237213909,46.6088145017821,0,3,0
"FCR",50,2023-09-26 14:15:00,0.1,2,0.210791127735587,63.0578769817283,0,3,0
"FCR",50,2023-09-26 14:20:00,1.6,1,0.582826291350276,84.3242362575456,0,3,0
"FCR",50,2023-09-26 14:20:00,1.6,2,0.416990621031343,80.0884276019721,0,3,0
"FCR",50,2023-09-26 14:29:00,3.8,1,0.0203757238627625,234.95414258972,0,4,0
"FCR",50,2023-09-26 14:29:00,3.8,2,0.561231778050376,251.118373267673,0,4,0
"FCR",50,2023-09-26 14:38:00,5,1,1.06148789685725,1137.61728459758,0,0,0
"FCR",50,2023-09-26 14:38:00,5,2,1.03610241189718,1272.35231504532,0,0,0
"FCR",50,2023-09-26 14:48:00,6.2,1,0.0291255787219421,1255.37577478104,0,0,0
"FCR",50,2023-09-26 14:48:00,6.2,2,0.0114969923403007,1389.24586918685,0,0,0
"FCR",50,2023-09-26 14:52:00,8,1,0.031509832257675,1300.41133263997,0,0,0
"FCR",50,2023-09-26 14:52:00,8,2,0.0154571992213161,1412.77875230069,0,0,0
"FCR",50,2023-09-26 15:05:00,9,1,0.0251427233809632,1393.70783823026,0,0,0
"FCR",50,2023-09-26 15:05:00,9,2,0.0303133606114462,1381.26460931886,0,0,0
"BVR",50,2023-10-03 10:38:00,0.1,1,1.25808057535999,40.6890457162034,0,4,0
"BVR",50,2023-10-03 10:38:00,0.1,2,0.285559323402318,32.8346024638285,0,4,0
"BVR",50,2023-10-03 10:43:00,3,1,0.0122273341896728,45.3508578083053,0,4,4
"BVR",50,2023-10-03 10:43:00,3,2,NA,NA,0,1,1
"BVR",50,2023-10-03 10:52:00,6,1,40.0339276173522,418.197513351195,0,0,0
"BVR",50,2023-10-03 10:52:00,6,2,41.5202957653128,414.693430861176,0,0,0
"BVR",50,2023-10-03 11:02:00,9,1,553.942084357375,387.401028231805,0,0,0
"BVR",50,2023-10-03 11:02:00,9,2,605.394932072059,320.791379359266,0,0,0
"FCR",50,2023-10-03 11:17:00,0.1,1,0.26419487432469,66.8434313930884,0,0,0
"FCR",50,2023-10-03 11:17:00,0.1,2,0.255460648683317,60.5892765025015,0,0,0
"FCR",50,2023-10-03 11:26:00,1.6,1,0.132946399030452,77.0171389782768,0,0,0
"FCR",50,2023-10-03 11:26:00,1.6,2,0.161004557466464,82.1830690377822,0,0,0
"FCR",50,2023-10-03 11:33:00,3.8,1,0.242427056888648,263.408666884401,0,0,0
"FCR",50,2023-10-03 11:33:00,3.8,2,0.22627786163571,232.629981901468,0,0,0
"FCR",50,2023-10-03 11:40:00,5,1,14.492358955894,1124.89401433897,0,3,0
"FCR",50,2023-10-03 11:40:00,5,2,9.30746232199781,1252.95326961445,0,3,0
"FCR",50,2023-10-03 11:49:00,6.2,1,0.3045460005935,1183.46346583929,0,0,0
"FCR",50,2023-10-03 11:49:00,6.2,2,0.315889098364019,1157.53219299198,0,0,0
"BVR",1.3,2023-10-03 12:05:00,0.1,1,7.65794524567703,60.2724528411788,0,0,0
"BVR",1.3,2023-10-03 12:05:00,0.1,2,6.85989479718772,62.0585349760973,0,0,0
"FCR",50,2023-10-03 12:22:00,8,1,0.02152375577473,1453.64915655603,0,0,0
"FCR",50,2023-10-03 12:22:00,8,2,0.022906425610486,1363.76118128404,0,0,0
"FCR",50,2023-10-03 12:29:00,9,1,0.0213440276512995,1457.40176942885,0,0,0
"FCR",50,2023-10-03 12:29:00,9,2,0.022007336787044,1459.38847688902,0,0,0
"FCR",1.1,2023-10-03 12:45:00,0.1,1,2.09203881472453,559.23457962299,0,0,0
"FCR",1.1,2023-10-03 12:45:00,0.1,2,2.47406130535954,584.720711758567,0,0,0
"FCR",100,2023-10-03 14:00:00,0.1,1,0.158073259701803,49.2725434472793,0,0,0
"FCR",100,2023-10-03 14:00:00,0.1,2,0.160443289976953,59.232840302394,0,0,0
"FCR",50,2023-10-09 09:45:00,0.1,1,0.410220660100727,161.886997220489,0,4,0
"FCR",50,2023-10-09 09:45:00,0.1,2,0.0120428709977821,156.671937530306,0,4,0
"FCR",50,2023-10-09 09:57:00,1.6,1,0.0114221187032902,161.176712902346,0,0,0
"FCR",50,2023-10-09 09:57:00,1.6,2,0.0114385273715736,167.012749838093,0,0,0
"FCR",50,2023-10-09 10:09:00,3.8,1,0.0140841328926402,165.263301875703,0,0,0
"FCR",50,2023-10-09 10:09:00,3.8,2,0.0119156844595123,162.479606430875,0,0,0
"BVR",50,2023-10-09 10:16:00,0.1,1,3.65362300330722,88.9536882447483,0,0,0
"BVR",50,2023-10-09 10:16:00,0.1,2,3.64268614616915,90.8570714089308,0,0,0
"FCR",50,2023-10-09 10:20:00,5,1,3.6270900445727,1122.90134213004,0,0,0
"FCR",50,2023-10-09 10:20:00,5,2,3.06379440851199,1132.57627820987,0,0,0
"BVR",50,2023-10-09 10:28:00,3,1,3.64639139262106,89.1324216822916,0,0,0
"BVR",50,2023-10-09 10:28:00,3,2,4.06303667658228,103.083885358762,0,0,0
"FCR",50,2023-10-09 10:30:00,6.2,1,0.367914450771695,1377.16835843217,0,4,0
"FCR",50,2023-10-09 10:30:00,6.2,2,0.0159825783717567,1331.28058857424,0,4,0
"FCR",50,2023-10-09 10:40:00,8,1,0.0225137992352657,1322.07729742242,0,0,0
"FCR",50,2023-10-09 10:40:00,8,2,0.0273982908693132,1309.09845882595,0,0,0
"BVR",50,2023-10-09 10:41:00,6,1,6.39949384792841,108.64993658074,0,0,0
"BVR",50,2023-10-09 10:41:00,6,2,6.31755919135343,111.391948910121,0,0,0
"FCR",50,2023-10-09 10:52:00,9,1,0.0142401464299472,1421.85986300199,0,0,0
"FCR",50,2023-10-09 10:52:00,9,2,0.0249128029061528,1474.56917442986,0,0,0
"BVR",50,2023-10-09 10:59:00,9,1,599.926715526895,450.087453586123,0,0,0
"BVR",50,2023-10-09 10:59:00,9,2,615.262876997608,475.571455164156,0,0,0
"FCR",1.1,2023-10-09 11:20:00,0.1,1,2.045237109167,544.925027528798,0,0,0
"FCR",1.1,2023-10-09 11:20:00,0.1,2,2.12009133911206,526.007100138554,0,0,0
"BVR",1.3,2023-10-09 11:50:00,0.1,1,7.85762281182262,107.377570038659,0,0,0
"BVR",1.3,2023-10-09 11:50:00,0.1,2,7.30898955993847,106.305279244524,0,0,0
"FCR",50,2023-10-17 10:47:00,0.1,1,0.0135038745052633,154.207586898745,0,0,0
"FCR",50,2023-10-17 10:47:00,0.1,2,0.0115837661954429,161.708424086536,0,0,0
"BVR",50,2023-10-17 10:50:00,0.1,1,3.60349726929356,115.615937041011,0,3,0
"BVR",50,2023-10-17 10:50:00,0.1,2,2.65964328552595,135.669073965064,0,3,0
"FCR",50,2023-10-17 10:56:00,1.6,1,0.0116532487462562,164.925531313588,0,4,0
"FCR",50,2023-10-17 10:56:00,1.6,2,0.0640097964109478,155.724001158826,0,4,0
"BVR",50,2023-10-17 11:00:00,3,1,3.64589952112859,114.186949449702,0,0,0
"BVR",50,2023-10-17 11:00:00,3,2,2.99586542626118,117.772218178166,0,0,0
"FCR",50,2023-10-17 11:07:00,3.8,1,0.0114967645292582,164.937389175998,0,0,0
"FCR",50,2023-10-17 11:07:00,3.8,2,0.0122192536343352,163.222907891623,0,0,0
"BVR",50,2023-10-17 11:15:00,6,1,2.70178977831073,127.6080655022,0,0,0
"BVR",50,2023-10-17 11:15:00,6,2,2.75433177337054,118.206780490766,0,0,0
"FCR",50,2023-10-17 11:17:00,5,1,0.484183747006138,150.732971563233,0,4,0
"FCR",50,2023-10-17 11:17:00,5,2,0.0573578891151436,164.551958280794,0,4,0
"FCR",50,2023-10-17 11:25:00,6.2,1,0.0221760885888273,1359.69371526477,0,0,0
"FCR",50,2023-10-17 11:25:00,6.2,2,0.0205652307322373,1337.56098299428,0,0,0
"BVR",50,2023-10-17 11:30:00,9,1,511.336276528998,814.633878238204,0,0,3
"BVR",50,2023-10-17 11:30:00,9,2,539.955659994605,595.626091120507,0,0,3
"FCR",50,2023-10-17 11:34:00,8,1,0.0207173386064114,1187.09683219799,0,0,0
"FCR",50,2023-10-17 11:34:00,8,2,0.0189389018358236,1274.71247959233,0,0,0
"FCR",50,2023-10-17 11:43:00,9,1,0.0165751314251297,1287.23176289786,0,0,0
"FCR",50,2023-10-17 11:43:00,9,2,0.0232885443975332,1326.77280802203,0,0,0
"FCR",1.1,2023-10-17 12:00:00,0.1,1,2.50644316836102,558.073704483032,1,0,0
"FCR",1.1,2023-10-17 12:00:00,0.1,2,2.43844833179581,517.299443262822,1,0,0
"BVR",1.3,2023-10-17 12:25:00,0.1,1,5.11789806481001,142.199825550269,0,0,0
"BVR",1.3,2023-10-17 12:25:00,0.1,2,6.23158922249004,141.452845613019,0,0,0
"FCR",100,2023-10-17 13:48:00,0.1,1,0.200801149697338,49.7530088482376,0,0,0
"FCR",100,2023-10-17 13:48:00,0.1,2,0.209334077193263,50.985620180401,0,0,0
"BVR",50,2023-10-24 10:55:00,0.1,1,0.0454529751196034,115.005003910987,0,4,0
"BVR",50,2023-10-24 10:55:00,0.1,2,0.0116079297205519,112.559925320107,0,4,0
"BVR",50,2023-10-24 11:06:00,3,1,0.0172859426016149,117.940164956283,0,0,0
"BVR",50,2023-10-24 11:06:00,3,2,0.0442684024159719,117.3906343857,0,0,0
"BVR",50,2023-10-24 11:18:00,6,1,0.0136356048510495,119.840395268092,0,0,0
"BVR",50,2023-10-24 11:18:00,6,2,0.0131024979170202,133.082258402553,0,0,0
"BVR",50,2023-10-24 11:32:00,9,1,32.2118974902267,266.951046968305,0,0,0
"BVR",50,2023-10-24 11:32:00,9,2,29.4448394664613,245.405426022753,0,0,0
"BVR",1.3,2023-10-24 12:30:00,0.1,1,0.330880297219699,144.565913721451,0,3,0
"BVR",1.3,2023-10-24 12:30:00,0.1,2,0.449257942559107,143.115548041478,0,3,0
"FCR",50,2023-10-24 13:34:00,0.1,1,0.0365668712513418,117.909297663628,0,0,0
"FCR",50,2023-10-24 13:34:00,0.1,2,0.016296428630916,119.828063714302,0,0,0
"FCR",50,2023-10-24 13:44:00,1.6,1,0.0183434918152214,141.16533876572,0,0,0
"FCR",50,2023-10-24 13:44:00,1.6,2,0.0143936634604239,119.087987959715,0,0,0
"FCR",50,2023-10-24 13:59:00,3.8,1,0.0130900953853386,140.094980685565,0,0,0
"FCR",50,2023-10-24 13:59:00,3.8,2,0.0138530434089061,142.06481809081,0,0,0
"FCR",50,2023-10-24 14:08:00,5,1,0.0155606346088074,168.044781009363,0,0,0
"FCR",50,2023-10-24 14:08:00,5,2,0.0121879427894803,154.443859885174,0,0,0
"FCR",50,2023-10-24 14:19:00,6.2,1,0.0130210763192905,501.61908554301,0,0,0
"FCR",50,2023-10-24 14:19:00,6.2,2,0.013065746444801,465.074630292982,0,0,0
"FCR",50,2023-10-24 14:31:00,8,1,0.0116156201025256,937.757178754417,0,0,0
"FCR",50,2023-10-24 14:31:00,8,2,0.0177371239568263,909.432346443383,0,0,0
"FCR",50,2023-10-24 14:40:00,9,1,0.0180071721789982,1365.98494931417,0,0,0
"FCR",50,2023-10-24 14:40:00,9,2,0.0208211120674364,1300.64196575602,0,0,0
"FCR",1.1,2023-10-24 15:25:00,0.1,1,2.36375319112112,574.644202855404,0,0,0
"FCR",1.1,2023-10-24 15:25:00,0.1,2,2.47259582104752,569.359016805774,0,0,0
"BVR",50,2023-10-31 10:30:00,0.1,1,0.111857555604837,39.0764231647138,0,0,0
"BVR",50,2023-10-31 10:30:00,0.1,2,0.11479294040615,33.8589892092849,0,0,0
"BVR",50,2023-10-31 10:47:00,3,1,0.0120898245828247,120.55253814987,0,0,0
"BVR",50,2023-10-31 10:47:00,3,2,0.011660379132338,125.73654343468,0,0,0
"BVR",50,2023-10-31 11:07:00,6,1,0.0159341460536042,215.218564174087,0,0,0
"BVR",50,2023-10-31 11:07:00,6,2,0.0178038645713566,201.390619685457,0,0,0
"BVR",50,2023-10-31 11:18:00,9,1,1.58721747223671,256.904485294284,0,0,0
"BVR",50,2023-10-31 11:18:00,9,2,1.47533022683789,269.159581994232,0,0,0
"BVR",1.3,2023-10-31 12:15:00,0.1,1,4.13937644113698,135.37607588964,0,0,0
"BVR",1.3,2023-10-31 12:15:00,0.1,2,3.78878629194682,125.657671346994,0,0,0
"FCR",50,2023-10-31 13:16:00,0.1,1,0.25023191948038,15.0577404069119,0,0,0
"FCR",50,2023-10-31 13:16:00,0.1,2,0.285923029305415,26.9933733200725,0,0,0
"FCR",50,2023-10-31 13:30:00,1.6,1,0.171186369259144,56.6234858632848,0,0,0
"FCR",50,2023-10-31 13:30:00,1.6,2,0.168059887910558,55.6595148657507,0,0,0
"FCR",50,2023-10-31 13:42:00,3.8,1,0.0329077860851606,175.306212791602,0,0,0
"FCR",50,2023-10-31 13:42:00,3.8,2,0.0369928421690233,170.454845869623,0,0,0
"FCR",50,2023-10-31 13:56:00,5,1,0.0114614313316511,250.642900908182,0,0,0
"FCR",50,2023-10-31 13:56:00,5,2,0.0123773548597096,257.094596280821,0,0,0
"FCR",50,2023-10-31 14:08:00,6.2,1,0.0164886332716576,770.921987975857,0,0,0
"FCR",50,2023-10-31 14:08:00,6.2,2,0.0137221269682883,788.80533858214,0,0,0
"FCR",100,2023-10-31 14:15:00,0.1,1,0.437559950207289,91.1415868106939,0,0,0
"FCR",100,2023-10-31 14:15:00,0.1,2,0.414422185796957,84.163985747251,0,0,0
"FCR",50,2023-10-31 14:18:00,8,1,0.0134677424828121,1060.01282402835,0,0,0
"FCR",50,2023-10-31 14:18:00,8,2,0.01313185702218,947.486284782798,0,0,0
"FCR",50,2023-10-31 14:29:00,9,1,0.0154721650676673,922.512418808019,0,0,0
"FCR",50,2023-10-31 14:29:00,9,2,0.0165111849324628,846.756018654483,0,0,0
"FCR",1.1,2023-10-31 14:31:00,0.1,1,2.17099533142562,585.937994987971,0,0,0
"FCR",1.1,2023-10-31 14:31:00,0.1,2,2.1010192780019,538.984625786768,0,0,0
"FCR",50,2023-11-06 09:54:00,0.1,1,0.0129131452396752,118.128949607432,0,0,0
"FCR",50,2023-11-06 09:54:00,0.1,2,0.0128371494253893,114.958379455078,0,0,0
"FCR",50,2023-11-06 10:08:00,1.6,1,0.0121317929142785,127.637242350918,0,0,0
"FCR",50,2023-11-06 10:08:00,1.6,2,0.0116995413817652,130.41881537876,0,0,0
"BVR",50,2023-11-06 10:16:00,0.1,1,0.0121941113168018,62.2118450464091,0,0,0
"BVR",50,2023-11-06 10:16:00,0.1,2,0.0115647145457683,65.1441440231111,0,0,0
"FCR",50,2023-11-06 10:27:00,3.8,1,0.0150899198913153,160.60900231883,0,0,0
"FCR",50,2023-11-06 10:27:00,3.8,2,0.0147775566369997,178.981959618583,0,0,0
"BVR",50,2023-11-06 10:32:00,3,1,0.0148389097434608,84.949564554942,0,0,0
"BVR",50,2023-11-06 10:32:00,3,2,0.0114463048954734,83.1252147730303,0,0,0
"FCR",50,2023-11-06 10:42:00,5,1,0.017209681433298,191.773068629424,0,0,0
"FCR",50,2023-11-06 10:42:00,5,2,0.0154630842545049,195.795028697601,0,0,0
"BVR",50,2023-11-06 10:43:00,6,1,0.0147046718085517,92.2507152993831,0,0,0
"BVR",50,2023-11-06 10:43:00,6,2,0.0120305334402843,114.83630220068,0,0,0
"BVR",50,2023-11-06 10:50:00,9,1,0.0115926269646026,89.3802400015727,0,0,0
"BVR",50,2023-11-06 10:50:00,9,2,0.0114495341591041,91.073401633408,0,0,0
"FCR",50,2023-11-06 10:55:00,6.2,1,0.0134730137422363,199.672797177731,0,0,0
"FCR",50,2023-11-06 10:55:00,6.2,2,0.0157705344711415,194.351724476586,0,0,0
"FCR",50,2023-11-06 11:09:00,8,1,0.012185453817744,223.107894453147,0,0,0
"FCR",50,2023-11-06 11:09:00,8,2,0.0178194454383193,201.219649268815,0,0,0
"FCR",50,2023-11-06 11:29:00,9,1,0.0145201168834475,207.595266631353,0,0,0
"FCR",50,2023-11-06 11:29:00,9,2,0.0154296228345743,216.727043555323,0,0,0
"BVR",1.3,2023-11-06 11:55:00,0.1,1,0.426156565700868,101.144771594307,0,3,0
"BVR",1.3,2023-11-06 11:55:00,0.1,2,0.277859571129892,92.8142734586034,0,3,0
"FCR",1.1,2023-11-06 11:56:00,0.1,1,1.95503558615721,587.55468383808,0,0,0
"FCR",1.1,2023-11-06 11:56:00,0.1,2,1.98219882080148,566.300728334014,0,0,0
"BVR",50,2023-11-14 10:26:00,0.1,1,0.28203078760331,59.275691703725,0,0,0
"BVR",50,2023-11-14 10:26:00,0.1,2,0.325098376442399,67.0977873310832,0,0,0
"FCR",100,2023-11-14 10:30:00,0.1,1,0.218774067484879,66.4866334581524,0,0,0
"FCR",100,2023-11-14 10:30:00,0.1,2,0.230311081477574,63.5295061835851,0,0,0
"BVR",50,2023-11-14 10:40:00,3,1,0.232016607800624,59.1221960746066,0,0,0
"BVR",50,2023-11-14 10:40:00,3,2,0.23350291554354,73.133361926706,0,0,0
"BVR",50,2023-11-14 11:00:00,6,1,0.246044537002041,58.0921274829998,0,0,0
"BVR",50,2023-11-14 11:00:00,6,2,0.239055692749379,56.6322987759924,0,0,0
"FCR",50,2023-11-14 11:11:00,0.1,1,0.0376023742232739,105.693502876944,0,0,0
"FCR",50,2023-11-14 11:11:00,0.1,2,0.034523714594492,110.259595643322,0,0,0
"BVR",50,2023-11-14 11:15:00,9,1,0.25648256080804,57.2919421930859,0,0,0
"BVR",50,2023-11-14 11:15:00,9,2,0.248607848657506,57.4968264709802,0,0,0
"FCR",50,2023-11-14 11:19:00,1.6,1,0.0287238212615063,96.5835729552491,0,0,0
"FCR",50,2023-11-14 11:19:00,1.6,2,0.0320629535176116,105.314461231738,0,0,0
"FCR",50,2023-11-14 11:29:00,3.8,1,0.0428181758343128,116.330968833064,0,0,0
"FCR",50,2023-11-14 11:29:00,3.8,2,0.0395425434467247,107.264610121707,0,0,0
"FCR",50,2023-11-14 11:42:00,5,1,0.0317292769513393,120.281174866595,0,0,0
"FCR",50,2023-11-14 11:42:00,5,2,0.0265669251782976,114.694915957133,0,0,0
"FCR",50,2023-11-14 11:52:00,6.2,1,0.0344431958162936,123.238688626138,0,0,0
"FCR",50,2023-11-14 11:52:00,6.2,2,0.0399712078041943,127.887758908366,0,0,0
"BVR",1.3,2023-11-14 12:00:00,0.1,1,1.54987525870314,68.6946217771823,0,0,0
"BVR",1.3,2023-11-14 12:00:00,0.1,2,1.4246289035153,72.1184089659003,0,0,0
"FCR",50,2023-11-14 12:01:00,8,1,0.0334565176444837,120.299638651663,0,0,0
"FCR",50,2023-11-14 12:01:00,8,2,0.036163802271465,125.558868730788,0,0,0
"FCR",50,2023-11-14 12:09:00,9,1,0.0491052911212818,136.83886814124,0,0,0
"FCR",50,2023-11-14 12:09:00,9,2,0.0469722805375953,137.715233731876,0,0,0
"FCR",1.1,2023-11-14 12:30:00,0.1,1,1.91961271951489,552.820129878638,0,0,0
"FCR",1.1,2023-11-14 12:30:00,0.1,2,2.08991862491888,533.799073139332,0,0,0
"FCR",50,2023-12-04 09:35:00,0.1,1,0.011708529902903,69.942926466126,0,0,0
"FCR",50,2023-12-04 09:35:00,0.1,2,0.0118986475655535,74.6101619273993,0,0,0
"FCR",50,2023-12-04 09:46:00,1.6,1,0.0120381916829088,75.9180309168802,0,0,0
"FCR",50,2023-12-04 09:46:00,1.6,2,0.0118635141267106,72.7461513473159,0,0,0
"FCR",50,2023-12-04 09:54:00,3.8,1,0.0117822096135563,67.2286814423475,0,0,0
"FCR",50,2023-12-04 09:54:00,3.8,2,0.0121415463005927,87.7764339819533,0,0,0
"FCR",50,2023-12-04 10:03:00,5,1,0.0157190848417322,83.2346319435067,0,0,0
"FCR",50,2023-12-04 10:03:00,5,2,0.0136694406468816,108.594735776231,0,0,0
"FCR",50,2023-12-04 10:08:00,6.2,1,0.0234834312537263,89.7647437827332,0,0,0
"FCR",50,2023-12-04 10:08:00,6.2,2,0.0176211791138259,107.844725764487,0,0,0
"FCR",50,2023-12-04 10:15:00,8,1,0.0215906740280845,104.028003379325,0,0,0
"FCR",50,2023-12-04 10:15:00,8,2,0.0201527934220577,115.09759035382,0,0,0
"BVR",50,2023-12-04 10:16:00,0.1,1,0.0663108209109633,51.5737826880137,0,0,0
"BVR",50,2023-12-04 10:16:00,0.1,2,0.0530092376364549,36.2272650888993,0,0,0
"FCR",50,2023-12-04 10:23:00,9,1,0.0251258971122475,96.3475683472036,0,0,0
"FCR",50,2023-12-04 10:23:00,9,2,0.0215587177449951,124.295985290752,0,0,0
"BVR",50,2023-12-04 10:37:00,3,1,0.0404054091915391,33.4182099013107,0,0,0
"BVR",50,2023-12-04 10:37:00,3,2,0.0477801703391539,33.2968035364613,0,0,0
"FCR",1.1,2023-12-04 10:38:00,0.1,1,1.66559844720341,554.818458830289,0,0,0
"FCR",1.1,2023-12-04 10:38:00,0.1,2,1.8676760318345,552.014981795135,0,0,0
"BVR",50,2023-12-04 10:57:00,6,1,0.0348242131137296,31.8584276964696,0,0,0
"BVR",50,2023-12-04 10:57:00,6,2,0.0399576869482664,27.5743699357727,0,0,0
"BVR",50,2023-12-04 11:05:00,9,1,0.0544862854231882,39.8592542157136,0,0,0
"BVR",50,2023-12-04 11:05:00,9,2,0.0687868256076755,38.7259042357077,0,0,0
"BVR",1.3,2023-12-04 12:12:00,0.1,1,2.11845996443401,54.1944674274403,0,0,0
"BVR",1.3,2023-12-04 12:12:00,0.1,2,2.11763833549238,50.334602625584,0,0,0
"FCR",100,2023-12-04 13:55:00,0.1,1,0.158074520716296,54.7874853645165,0,0,0
"FCR",100,2023-12-04 13:55:00,0.1,2,0.153912015247077,57.0818215181356,0,0,0
"FCR",200,2023-12-04 14:10:00,0.1,1,5.72755729519618,219.301889715631,0,0,0
"FCR",200,2023-12-04 14:10:00,0.1,2,5.54249109170765,248.451883864906,0,0,0
"FCR",50,2024-01-29 09:55:00,0.1,1,0.0932855098450967,64.6728554027193,0,4,4
"FCR",50,2024-01-29 09:55:00,0.1,2,NA,NA,0,1,1
"FCR",50,2024-01-29 10:10:00,1.6,1,0.116892991822824,68.9490698946107,0,0,0
"FCR",50,2024-01-29 10:10:00,1.6,2,0.120786755401788,71.235892144972,0,0,0
"FCR",50,2024-01-29 10:17:00,3.8,1,0.118987374491813,68.9553224899041,0,0,0
"FCR",50,2024-01-29 10:17:00,3.8,2,0.127920076592164,66.3709274956835,0,0,0
"FCR",50,2024-01-29 10:20:00,5,1,0.117311892071485,65.4751198454268,0,0,0
"FCR",50,2024-01-29 10:20:00,5,2,0.139233282327463,78.6113400269864,0,0,0
"FCR",50,2024-01-29 10:35:00,6.2,1,0.125609877675023,72.1347307148395,0,0,0
"FCR",50,2024-01-29 10:35:00,6.2,2,0.131795438038213,70.8237556003529,0,0,0
"FCR",50,2024-01-29 10:45:00,8,1,0.126354142256717,75.668995863616,0,0,0
"FCR",50,2024-01-29 10:45:00,8,2,0.143012749823085,84.9006583297054,0,0,0
"FCR",50,2024-01-29 10:55:00,9,1,0.131252948634099,66.9094250169146,0,0,0
"FCR",50,2024-01-29 10:55:00,9,2,0.125888981284799,74.5540863851091,0,0,0
"FCR",1.1,2024-01-29 11:20:00,0.1,1,1.29765841695082,478.823535757916,0,0,0
"FCR",1.1,2024-01-29 11:20:00,0.1,2,1.46580745557739,482.861385275296,0,0,0
"FCR",100,2024-01-29 13:13:00,0.1,1,0.0220970577223001,32.74077782309,0,4,0
"FCR",100,2024-01-29 13:13:00,0.1,2,0.0506116894201147,33.9803983426418,0,4,0
"FCR",50,2024-02-13 11:47:00,0.1,1,0.114736243630225,34.0953681863207,0,0,0
"FCR",50,2024-02-13 11:47:00,0.1,2,0.106012949853057,35.7487823938748,0,0,0
"FCR",50,2024-02-13 11:55:00,1.6,1,0.0950161750903265,32.8366574838445,0,0,0
"FCR",50,2024-02-13 11:55:00,1.6,2,0.0943460547291112,35.8444898982539,0,0,0
"FCR",50,2024-02-13 12:05:00,3.8,1,0.110763280698596,41.1126796809152,0,4,4
"FCR",50,2024-02-13 12:05:00,3.8,2,NA,NA,0,1,1
"FCR",50,2024-02-13 12:13:00,5,1,0.0816495533623453,37.1391922778835,0,3,0
"FCR",50,2024-02-13 12:13:00,5,2,0.113587918563585,44.2135390140974,0,3,0
"FCR",50,2024-02-13 12:23:00,6.2,1,0.0773801832768284,54.5540891060879,0,3,0
"FCR",50,2024-02-13 12:23:00,6.2,2,0.120755733447244,45.9583930438216,0,3,0
"FCR",50,2024-02-13 12:31:00,8,1,0.0187779700337917,65.6442965123202,0,0,0
"FCR",50,2024-02-13 12:31:00,8,2,0.0223607851659972,64.6665861400571,0,0,0
"FCR",50,2024-02-13 12:39:00,9,1,0.0296384124398238,78.1451586542814,0,0,0
"FCR",50,2024-02-13 12:39:00,9,2,0.0360350989163033,76.9386670157517,0,0,0
"FCR",100,2024-02-13 14:17:00,0.1,1,0.0183137199589473,44.2389319162593,0,0,0
"FCR",100,2024-02-13 14:17:00,0.1,2,0.0239513019906786,34.6956379883551,0,0,0
"FCR",50,2024-02-27 10:40:00,0.1,1,0.0869494266554052,47.6760645979426,0,0,0
"FCR",50,2024-02-27 10:40:00,0.1,2,0.0708017872961905,43.8706966754098,0,0,0
"FCR",50,2024-02-27 10:48:00,1.6,1,0.048204211405923,42.0982126366092,0,0,0
"FCR",50,2024-02-27 10:48:00,1.6,2,0.0598820036368011,44.7594004907788,0,0,0
"FCR",50,2024-02-27 10:58:00,3.8,1,0.0586809603747823,55.2100369361178,0,4,4
"FCR",50,2024-02-27 10:58:00,3.8,2,NA,NA,0,1,1
"FCR",50,2024-02-27 11:10:00,5,1,0.0404773677881144,62.345286491765,0,0,0
"FCR",50,2024-02-27 11:10:00,5,2,0.0457946233328946,60.3789878352591,0,0,0
"FCR",50,2024-02-27 11:19:00,6.2,1,0.0521950457831341,83.6559501225197,0,0,0
"FCR",50,2024-02-27 11:19:00,6.2,2,0.0469593596176286,70.8862073542553,0,0,0
"FCR",50,2024-02-27 11:28:00,8,1,0.0419721574792791,64.7919667634782,0,0,0
"FCR",50,2024-02-27 11:28:00,8,2,0.0452680747455785,58.8193308598053,0,0,0
"FCR",50,2024-02-27 11:40:00,9,1,0.053419349509466,78.5554054994088,0,0,0
"FCR",50,2024-02-27 11:40:00,9,2,0.0525797130777484,70.6676155548164,0,0,0
"FCR",100,2024-02-27 13:01:00,0.1,1,0.0119032493049737,53.4560485766091,0,0,0
"FCR",100,2024-02-27 13:01:00,0.1,2,0.014505421967393,54.6234806674703,0,0,0
"FCR",100,2024-03-05 09:51:00,0.1,1,0.126540202546619,48.2334475736729,0,0,0
"FCR",100,2024-03-05 09:51:00,0.1,2,0.134925987541424,55.5505212807318,0,0,0
"BVR",50,2024-03-05 10:11:00,0.1,1,0.0213989060060907,24.590237014009,0,4,0
"BVR",50,2024-03-05 10:11:00,0.1,2,0.0543330472735837,30.9436187827712,0,4,0
"BVR",50,2024-03-05 10:20:00,3,1,0.0591180570309323,39.152592872432,0,4,4
"BVR",50,2024-03-05 10:20:00,3,2,NA,NA,0,1,1
"BVR",50,2024-03-05 10:27:00,6,1,0.0674295105094473,46.0218075575811,0,0,0
"BVR",50,2024-03-05 10:27:00,6,2,0.073586335856851,52.2561961749498,0,0,0
"BVR",50,2024-03-05 10:35:00,9,1,0.0573364759153864,55.8909345697208,0,3,0
"BVR",50,2024-03-05 10:35:00,9,2,0.0876473167028655,48.8033031606448,0,3,0
"FCR",50,2024-03-05 10:47:00,0.1,1,0.0147029053423206,43.0005741521312,0,0,0
"FCR",50,2024-03-05 10:47:00,0.1,2,0.0176372369318028,41.5578315735683,0,0,0
"FCR",50,2024-03-05 10:55:00,1.6,1,0.0144118557412323,37.9168061888547,0,0,0
"FCR",50,2024-03-05 10:55:00,1.6,2,0.0154856561019102,41.4433753480181,0,0,0
"FCR",50,2024-03-05 11:05:00,3.8,1,0.0121415463005927,43.6611469333347,0,4,4
"FCR",50,2024-03-05 11:05:00,3.8,2,NA,NA,0,1,1
"FCR",50,2024-03-05 11:15:00,5,1,0.0117780319899801,82.1932451458356,0,0,0
"FCR",50,2024-03-05 11:15:00,5,2,0.0115990849115634,95.0135506463851,0,0,0
"FCR",50,2024-03-05 11:20:00,6.2,1,0.011410965502892,71.4231918487831,0,0,0
"FCR",50,2024-03-05 11:20:00,6.2,2,0.0124830863153199,89.5981191970372,0,0,0
"FCR",50,2024-03-05 11:30:00,8,1,NA,NA,0,1,1
"FCR",50,2024-03-05 11:30:00,8,2,NA,NA,0,1,1
"FCR",50,2024-03-05 11:40:00,9,1,0.0114278873331319,82.2614522274941,0,0,0
"FCR",50,2024-03-05 11:40:00,9,2,0.0117554532877606,87.2696905957802,0,0,0
"BVR",1.3,2024-03-05 12:02:00,0.1,1,1.06311992693461,38.0697367253855,0,0,0
"BVR",1.3,2024-03-05 12:02:00,0.1,2,1.27777243700425,33.6290526803145,0,0,0
"FCR",1.1,2024-03-05 12:32:00,0.1,1,1.32057962302027,559.725142822499,0,4,4
"FCR",1.1,2024-03-05 12:32:00,0.1,2,NA,NA,0,1,1
